Name,date of death,date of birth,Place,country,latitude,longitude
Vincent Artuso,,1980-01-01T00:00:00Z,Esch-sur-Alzette,Luxembourg,49.496944444444,5.9805555555556
Vincent Artuso,,1980-01-01T00:00:00Z,Luxembourg,Luxembourg,49.610555555556,6.1327777777778
Alain Atten,,1938-02-22T00:00:00Z,Wilwerwiltz,Luxembourg,49.98,5.99
Alain Atten,,1938-02-22T00:00:00Z,Esch-sur-Sûre,Luxembourg,49.911,5.93467
Alain Atten,,1938-02-22T00:00:00Z,Hosingen,Luxembourg,50.013888888889,6.0902777777778
Alain Atten,,1938-02-22T00:00:00Z,Olingen,Luxembourg,49.683333333333,6.3166666666667
Alain Atten,,1938-02-22T00:00:00Z,Trier,Germany,49.75565,6.63935
Evamarie Bange,,1961-01-01T00:00:00Z,Luxembourg,Luxembourg,49.610555555556,6.1327777777778
Evamarie Bange,,1961-01-01T00:00:00Z,Freiburg im Breisgau,Germany,47.995,7.85
Evamarie Bange,,1961-01-01T00:00:00Z,Munich,Germany,48.1375,11.575
Charles Barthel,,1960-01-03T00:00:00Z,Strasbourg,France,48.573333333333,7.7522222222222
Charles Barthel,,1960-01-03T00:00:00Z,Aix-en-Provence,France,43.527777777778,5.4455555555556
Théodore Bassing,1926-12-17T00:00:00Z,1867-01-06T00:00:00Z,Luxembourg,Luxembourg,49.610555555556,6.1327777777778
Simone Beck,,1950-12-12T00:00:00Z,Luxembourg,Luxembourg,49.610555555556,6.1327777777778
Simone Beck,,1950-12-12T00:00:00Z,Freiburg im Breisgau,Germany,47.995,7.85
Romaine Berens,,1940-09-05T00:00:00Z,Dudelange,Luxembourg,49.48056,6.0875
Romaine Berens,,1940-09-05T00:00:00Z,Luxembourg,Luxembourg,49.610555555556,6.1327777777778
Romaine Berens,,1940-09-05T00:00:00Z,Tétange,Luxembourg,49.476667,6.039444
Romaine Berens,,1940-09-05T00:00:00Z,Fribourg,Switzerland,46.8,7.15
Romaine Berens,,1940-09-05T00:00:00Z,Bern,Switzerland,46.94798,7.44743
Isabelle Bernard-Lesceux,,1959-02-26T00:00:00Z,Bukavu,Democratic Republic of the Congo,-2.5,28.866666666667
Isabelle Bernard-Lesceux,,1959-02-26T00:00:00Z,Namur,Belgium,50.466666666667,4.8666666666667
Isabelle Bernard-Lesceux,,1959-02-26T00:00:00Z,Leuven,Belgium,50.8775,4.704444
Isabelle Bernard-Lesceux,,1959-02-26T00:00:00Z,Luxembourg,Luxembourg,49.610555555556,6.1327777777778
Isabelle Bernard-Lesceux,,1959-02-26T00:00:00Z,Beckerich,Luxembourg,49.730555555555554,5.883333333333333
Johannes Bertelius,1607-06-19T00:00:00Z,1544-10-12T00:00:00Z,Leuven,Belgium,50.8775,4.704444
Johannes Bertelius,1607-06-19T00:00:00Z,1544-10-12T00:00:00Z,Echternach,Luxembourg,49.811666666667,6.4216666666667
Johannes Bertelius,1607-06-19T00:00:00Z,1544-10-12T00:00:00Z,Luxembourg,Luxembourg,49.610555555556,6.1327777777778
François Bertemes,,1958-01-24T00:00:00Z,Halle (Saale),Germany,51.48277777777778,11.969722222222222
François Bertemes,,1958-01-24T00:00:00Z,Luxembourg,Luxembourg,49.610555555556,6.1327777777778
François Bertemes,,1958-01-24T00:00:00Z,Saarbrücken,Germany,49.233333333333,7
François Bertemes,,1958-01-24T00:00:00Z,Paris,France,48.85666666666667,2.352222222222222
Jean Bertholet,1755-02-26T00:00:00Z,1688-12-30T00:00:00Z,Vielsalm,Belgium,50.286111111111,5.9180555555556
Jean Bertholet,1755-02-26T00:00:00Z,1688-12-30T00:00:00Z,Luxembourg,Luxembourg,49.610555555556,6.1327777777778
Jean Bertholet,1755-02-26T00:00:00Z,1688-12-30T00:00:00Z,Tournai,Belgium,50.605555555555554,3.388055555555556
Jean Bertholet,1755-02-26T00:00:00Z,1688-12-30T00:00:00Z,Namur,Belgium,50.466666666667,4.8666666666667
Jean Bertholet,1755-02-26T00:00:00Z,1688-12-30T00:00:00Z,Trier,Germany,49.75565,6.63935
Jean Bertholet,1755-02-26T00:00:00Z,1688-12-30T00:00:00Z,Liège,Belgium,50.639722222222225,5.570555555555556
Philippe Henri Blasen,,1987-09-19T00:00:00Z,Bertrange,Luxembourg,49.611111111111,6.05
Philippe Henri Blasen,,1987-09-19T00:00:00Z,Luxembourg,Luxembourg,49.610555555556,6.1327777777778
Philippe Henri Blasen,,1987-09-19T00:00:00Z,Lausanne,Switzerland,46.533333333333,6.6333333333333
Philippe Henri Blasen,,1987-09-19T00:00:00Z,Dudelange,Luxembourg,49.48056,6.0875
Philippe Henri Blasen,,1987-09-19T00:00:00Z,Cluj-Napoca,Romania,46.76891,23.59066
Lucien Blau,,1953-08-11T00:00:00Z,Luxembourg,Luxembourg,49.610555555556,6.1327777777778
Lucien Blau,,1953-08-11T00:00:00Z,Metz,France,49.119722222222,6.1769444444444
Martin Blum,1924-01-20T00:00:00Z,1845-06-13T00:00:00Z,Luxembourg,Luxembourg,49.610555555556,6.1327777777778
Nicolas Bosseler,1994-04-02T00:00:00Z,1904-03-07T00:00:00Z,Beckerich,Luxembourg,49.730555555555554,5.883333333333333
Nicolas Bosseler,1994-04-02T00:00:00Z,1904-03-07T00:00:00Z,Luxembourg,Luxembourg,49.610555555556,6.1327777777778
Nicolas Bosseler,1994-04-02T00:00:00Z,1904-03-07T00:00:00Z,Brussels,Belgium,50.846666666666664,4.351666666666667
Roger Bour,,1942-11-27T00:00:00Z,Pétange,Luxembourg,49.556388888889,5.8769444444444
Roger Bour,,1942-11-27T00:00:00Z,Luxembourg,Luxembourg,49.610555555556,6.1327777777778
Hubert Brasseur,1890-01-23T00:00:00Z,1823-03-20T00:00:00Z,Bar-le-Duc,France,48.771666666667,5.1672222222222
Hubert Brasseur,1890-01-23T00:00:00Z,1823-03-20T00:00:00Z,Liège,Belgium,50.639722222222225,5.570555555555556
Hubert Brasseur,1890-01-23T00:00:00Z,1823-03-20T00:00:00Z,Ghent,Belgium,51.05361111111111,3.725277777777778
Jean-Pierre Brimmeyr,1876-08-25T00:00:00Z,1799-03-26T00:00:00Z,Echternach,Luxembourg,49.811666666667,6.4216666666667
Albert Calmes,1967-09-22T00:00:00Z,1881-02-26T00:00:00Z,Paris,France,48.85666666666667,2.352222222222222
Albert Calmes,1967-09-22T00:00:00Z,1881-02-26T00:00:00Z,Luxembourg,Luxembourg,49.610555555556,6.1327777777778
Christian Calmes,1995-07-05T00:00:00Z,1913-07-13T00:00:00Z,Oberursel,Germany,50.202777777778,8.5769444444444
Christian Calmes,1995-07-05T00:00:00Z,1913-07-13T00:00:00Z,Grasse,France,43.658055555556,6.9252777777778
Christian Calmes,1995-07-05T00:00:00Z,1913-07-13T00:00:00Z,Luxembourg,Luxembourg,49.610555555556,6.1327777777778
Paul Cerf,2003-01-10T00:00:00Z,1929-11-27T00:00:00Z,Brussels,Belgium,50.846666666666664,4.351666666666667
Paul Cerf,2003-01-10T00:00:00Z,1929-11-27T00:00:00Z,Luxembourg,Luxembourg,49.610555555556,6.1327777777778
Victor Conzemius,2017-06-24T00:00:00Z,1929-09-03T00:00:00Z,Echternach,Luxembourg,49.811666666667,6.4216666666667
Victor Conzemius,2017-06-24T00:00:00Z,1929-09-03T00:00:00Z,Fribourg,Switzerland,46.8,7.15
Victor Conzemius,2017-06-24T00:00:00Z,1929-09-03T00:00:00Z,Steinsel,Luxembourg,49.676388888889,6.1236111111111
Victor Conzemius,2017-06-24T00:00:00Z,1929-09-03T00:00:00Z,Munich,Germany,48.1375,11.575
Victor Conzemius,2017-06-24T00:00:00Z,1929-09-03T00:00:00Z,Dublin,Ireland,53.34972222222222,-6.260277777777778
Victor Conzemius,2017-06-24T00:00:00Z,1929-09-03T00:00:00Z,Ireland,Ireland,53,-8
Victor Conzemius,2017-06-24T00:00:00Z,1929-09-03T00:00:00Z,Lucerne,Switzerland,47.0523,8.3059
Pierre Decock,,1959-08-19T00:00:00Z,La Louvière,Belgium,50.477777777778,4.1880555555556
Pierre Decock,,1959-08-19T00:00:00Z,Bollenduerfer Bréck,Luxembourg,49.8496,6.3581
Pierre Decock,,1959-08-19T00:00:00Z,Luxembourg,Luxembourg,49.610555555556,6.1327777777778
Pierre Decock,,1959-08-19T00:00:00Z,Metz,France,49.119722222222,6.1769444444444
Arthur Diderrich,1950-05-02T00:00:00Z,1892-10-27T00:00:00Z,Paris,France,48.85666666666667,2.352222222222222
Arthur Diderrich,1950-05-02T00:00:00Z,1892-10-27T00:00:00Z,Mondorf-les-Bains,Luxembourg,49.506944444444,6.2805555555556
Émile Diderrich,1933-09-30T00:00:00Z,1881-12-14T00:00:00Z,Luxembourg,Luxembourg,49.610555555556,6.1327777777778
Nicolas Didier,1951-12-31T00:00:00Z,1881-10-27T00:00:00Z,Fribourg,Switzerland,46.8,7.15
Nicolas Didier,1951-12-31T00:00:00Z,1881-10-27T00:00:00Z,Rodenbourg,Luxembourg,49.683333333333,6.2833333333333
Nicolas Didier,1951-12-31T00:00:00Z,1881-10-27T00:00:00Z,Anhalt,Germany,51.833333,12.25
Nicolas Didier,1951-12-31T00:00:00Z,1881-10-27T00:00:00Z,Luxembourg,Luxembourg,49.610555555556,6.1327777777778
Nicolas Didier,1951-12-31T00:00:00Z,1881-10-27T00:00:00Z,Echternach,Luxembourg,49.811666666667,6.4216666666667
Paul Dostert,,1951-04-27T00:00:00Z,Luxembourg,Luxembourg,49.610555555556,6.1327777777778
Paul Dostert,,1951-04-27T00:00:00Z,Freiburg im Breisgau,Germany,47.995,7.85
Fernand Emmel,2021-09-16T00:00:00Z,1945-03-09T00:00:00Z,Luxembourg,Luxembourg,49.610555555556,6.1327777777778
Fernand Emmel,2021-09-16T00:00:00Z,1945-03-09T00:00:00Z,Nancy,France,48.692777777778,6.1836111111111
Fernand Emmel,2021-09-16T00:00:00Z,1945-03-09T00:00:00Z,Bonn,Germany,50.735277777777775,7.102222222222222
Fernand Emmel,2021-09-16T00:00:00Z,1945-03-09T00:00:00Z,Marburg,Germany,50.816666666667,8.7666666666667
Johannes Enen,1519-07-31T00:00:00Z,1483-01-01T00:00:00Z,Ehnen,Luxembourg,49.6,6.3833333333333
,,1480-01-01T00:00:00Z,,,,
Johannes Enen,1519-07-31T00:00:00Z,1483-01-01T00:00:00Z,Trier,Germany,49.75565,6.63935
Johannes Enen,1519-07-31T00:00:00Z,1483-01-01T00:00:00Z,Ashdod,Israel,31.797777777778,34.650277777778
Johann Engling,1888-03-13T00:00:00Z,1801-10-13T00:00:00Z,Luxembourg,Luxembourg,49.610555555556,6.1327777777778
Johann Engling,1888-03-13T00:00:00Z,1801-10-13T00:00:00Z,Luxembourg,Luxembourg,49.610555555556,6.1327777777778
Johann Engling,1888-03-13T00:00:00Z,1801-10-13T00:00:00Z,Echternach,Luxembourg,49.811666666667,6.4216666666667
Jean Ensch,,1953-05-23T00:00:00Z,Luxembourg,Luxembourg,49.610555555556,6.1327777777778
Jean Ensch,,1953-05-23T00:00:00Z,Wisconsin,United States,44.5,-89.5
Jean Ensch,,1953-05-23T00:00:00Z,New York City,United States,40.71277777777778,-74.00611111111111
Al Estgen,2021-01-01T00:00:00Z,1942-01-01T00:00:00Z,Luxembourg,Luxembourg,49.610555555556,6.1327777777778
Al Estgen,2021-01-01T00:00:00Z,1942-01-01T00:00:00Z,Diekirch,Luxembourg,49.86778,6.15583
Al Estgen,2021-01-01T00:00:00Z,1942-01-01T00:00:00Z,Echternach,Luxembourg,49.811666666667,6.4216666666667
Norbert Etringer,2001-01-23T00:00:00Z,1913-11-04T00:00:00Z,Livange,Luxembourg,49.533333333333,6.1166666666667
Norbert Etringer,2001-01-23T00:00:00Z,1913-11-04T00:00:00Z,Luxembourg,Luxembourg,49.610555555556,6.1327777777778
Norbert Etringer,2001-01-23T00:00:00Z,1913-11-04T00:00:00Z,Bautzen,Germany,51.181388888889,14.423888888889
Pierre Even,,1946-12-04T00:00:00Z,Wiesbaden,Germany,50.0825,8.24
Pierre Even,,1946-12-04T00:00:00Z,Beaufort,Luxembourg,49.833333333333,6.2833333333333
Pierre Even,,1946-12-04T00:00:00Z,Metz,France,49.119722222222,6.1769444444444
Pierre Even,,1946-12-04T00:00:00Z,Luxembourg,Luxembourg,49.610555555556,6.1327777777778
Simone Feis,,1981-01-01T00:00:00Z,Diekirch,Luxembourg,49.86778,6.15583
Simone Feis,,1981-01-01T00:00:00Z,Brussels,Belgium,50.846666666666664,4.351666666666667
Simone Feis,,1981-01-01T00:00:00Z,Luxembourg,Luxembourg,49.610555555556,6.1327777777778
Paul Feltes,,1969-08-01T00:00:00Z,Echternach,Luxembourg,49.811666666667,6.4216666666667
Paul Feltes,,1969-08-01T00:00:00Z,Strasbourg,France,48.573333333333,7.7522222222222
Paul Feltes,,1969-08-01T00:00:00Z,Luxembourg,Luxembourg,49.610555555556,6.1327777777778
Paul Feltes,,1969-08-01T00:00:00Z,Paris,France,48.85666666666667,2.352222222222222
Joseph Flies,1998-08-05T00:00:00Z,1910-05-14T00:00:00Z,Luxembourg,Luxembourg,49.610555555556,6.1327777777778
Joseph Flies,1998-08-05T00:00:00Z,1910-05-14T00:00:00Z,Leuven,Belgium,50.8775,4.704444
Joseph Flies,1998-08-05T00:00:00Z,1910-05-14T00:00:00Z,Paris,France,48.85666666666667,2.352222222222222
Joseph Flies,1998-08-05T00:00:00Z,1910-05-14T00:00:00Z,Esch-sur-Alzette,Luxembourg,49.496944444444,5.9805555555556
Jean-Pierre Franck,1950-10-28T00:00:00Z,1895-01-13T00:00:00Z,Luxembourg,Luxembourg,49.610555555556,6.1327777777778
Jean-Pierre Franck,1950-10-28T00:00:00Z,1895-01-13T00:00:00Z,Fribourg,Switzerland,46.8,7.15
Jean-Pierre Franck,1950-10-28T00:00:00Z,1895-01-13T00:00:00Z,Munich,Germany,48.1375,11.575
Jean-Pierre Franck,1950-10-28T00:00:00Z,1895-01-13T00:00:00Z,Strasbourg,France,48.573333333333,7.7522222222222
Jean-Pierre Franck,1950-10-28T00:00:00Z,1895-01-13T00:00:00Z,Diekirch,Luxembourg,49.86778,6.15583
Frantz Funck-Brentano,1947-06-13T00:00:00Z,1862-06-15T00:00:00Z,Munsbach,Luxembourg,49.630833,6.2675
Frantz Funck-Brentano,1947-06-13T00:00:00Z,1862-06-15T00:00:00Z,Paris,France,48.85666666666667,2.352222222222222
Frantz Funck-Brentano,1947-06-13T00:00:00Z,1862-06-15T00:00:00Z,Le Raincy,France,48.899166666667,2.5230555555556
Gilles Genot,,1991-01-01T00:00:00Z,Luxembourg,Luxembourg,49.610555555556,6.1327777777778
Gilles Genot,,1991-01-01T00:00:00Z,Sheffield,United Kingdom,53.380833333333335,-1.4702777777777778
Gilles Genot,,1991-01-01T00:00:00Z,Paris,France,48.85666666666667,2.352222222222222
Jean-Pierre Glaesener,1901-06-11T00:00:00Z,1831-06-29T00:00:00Z,Colmar-Berg,Luxembourg,49.811111111111,6.0972222222222
Jean-Pierre Glaesener,1901-06-11T00:00:00Z,1831-06-29T00:00:00Z,Diekirch,Luxembourg,49.86778,6.15583
Jean-Pierre Glaesener,1901-06-11T00:00:00Z,1831-06-29T00:00:00Z,Luxembourg,Luxembourg,49.610555555556,6.1327777777778
Henri Goedert,,1951-01-09T00:00:00Z,Luxembourg,Luxembourg,49.610555555556,6.1327777777778
Joseph Goedert,2012-08-09T00:00:00Z,1908-07-27T00:00:00Z,Diekirch,Luxembourg,49.86778,6.15583
Joseph Goedert,2012-08-09T00:00:00Z,1908-07-27T00:00:00Z,Luxembourg,Luxembourg,49.610555555556,6.1327777777778
Joseph Goedert,2012-08-09T00:00:00Z,1908-07-27T00:00:00Z,Paris,France,48.85666666666667,2.352222222222222
Joseph Goedert,2012-08-09T00:00:00Z,1908-07-27T00:00:00Z,Rambrouch,Luxembourg,49.829875,5.8497805555556
Germaine Goetzinger,,1947-05-05T00:00:00Z,Dudelange,Luxembourg,49.48056,6.0875
Nicolas Gonner,1892-12-20T00:00:00Z,1835-01-08T00:00:00Z,Luxembourg,Luxembourg,49.610555555556,6.1327777777778
Nicolas Gonner,1892-12-20T00:00:00Z,1835-01-08T00:00:00Z,Dubuque,United States,42.504321,-90.686865
André Grosbusch,,1960-01-17T00:00:00Z,Diekirch,Luxembourg,49.86778,6.15583
André Grosbusch,,1960-01-17T00:00:00Z,Luxembourg,Luxembourg,49.610555555556,6.1327777777778
André Grosbusch,,1960-01-17T00:00:00Z,Paris,France,48.85666666666667,2.352222222222222
André Grosbusch,,1960-01-17T00:00:00Z,Poznań,Poland,52.40833333333333,16.933611111111112
Emile Haag,,1942-07-24T00:00:00Z,Diekirch,Luxembourg,49.86778,6.15583
Emile Haag,,1942-07-24T00:00:00Z,Hunsdorf,Luxembourg,49.69,6.13
Emile Haag,,1942-07-24T00:00:00Z,Luxembourg,Luxembourg,49.610555555556,6.1327777777778
Emile Haag,,1942-07-24T00:00:00Z,Aix-en-Provence,France,43.527777777778,5.4455555555556
Emile Haag,,1942-07-24T00:00:00Z,Paris,France,48.85666666666667,2.352222222222222
Emile Haag,,1942-07-24T00:00:00Z,Differdange,Luxembourg,49.5222,5.8917
Pierre Hamer,2003-02-14T00:00:00Z,1916-03-23T00:00:00Z,Differdange,Luxembourg,49.5222,5.8917
Pierre Hamer,2003-02-14T00:00:00Z,1916-03-23T00:00:00Z,Luxembourg,Luxembourg,49.610555555556,6.1327777777778
Pierre Hamer,2003-02-14T00:00:00Z,1916-03-23T00:00:00Z,Paris,France,48.85666666666667,2.352222222222222
Pierre Hamer,2003-02-14T00:00:00Z,1916-03-23T00:00:00Z,Brussels,Belgium,50.846666666666664,4.351666666666667
Pierre Hamer,2003-02-14T00:00:00Z,1916-03-23T00:00:00Z,Frankfurt,Germany,50.11055555555556,8.682222222222222
Georges Heisbourg,2008-04-28T00:00:00Z,1918-04-19T00:00:00Z,Hesperange,Luxembourg,49.570833333333,6.1513888888889
Georges Heisbourg,2008-04-28T00:00:00Z,1918-04-19T00:00:00Z,Luxembourg,Luxembourg,49.610555555556,6.1327777777778
Georges Heisbourg,2008-04-28T00:00:00Z,1918-04-19T00:00:00Z,Grenoble,France,45.186944444444,5.7263888888889
Georges Heisbourg,2008-04-28T00:00:00Z,1918-04-19T00:00:00Z,Innsbruck,Austria,47.268333333333,11.393333333333
Georges Heisbourg,2008-04-28T00:00:00Z,1918-04-19T00:00:00Z,London,United Kingdom,51.507222222222,-0.1275
Georges Heisbourg,2008-04-28T00:00:00Z,1918-04-19T00:00:00Z,"Washington, D.C.",United States,38.895,-77.036666666667
Georges Heisbourg,2008-04-28T00:00:00Z,1918-04-19T00:00:00Z,New York City,United States,40.71277777777778,-74.00611111111111
Georges Heisbourg,2008-04-28T00:00:00Z,1918-04-19T00:00:00Z,Canada,Canada,56,-109
Georges Heisbourg,2008-04-28T00:00:00Z,1918-04-19T00:00:00Z,Mexico City,Mexico,19.353773,-99.13589
Georges Heisbourg,2008-04-28T00:00:00Z,1918-04-19T00:00:00Z,Strasbourg,France,48.573333333333,7.7522222222222
Georges Heisbourg,2008-04-28T00:00:00Z,1918-04-19T00:00:00Z,Paris,France,48.85666666666667,2.352222222222222
Arthur Herchen,1931-11-02T00:00:00Z,1850-01-24T00:00:00Z,Luxembourg,Luxembourg,49.610555555556,6.1327777777778
Arthur Herchen,1931-11-02T00:00:00Z,1850-01-24T00:00:00Z,Leuven,Belgium,50.8775,4.704444
Arthur Herchen,1931-11-02T00:00:00Z,1850-01-24T00:00:00Z,Bonn,Germany,50.735277777777775,7.102222222222222
Arthur Herchen,1931-11-02T00:00:00Z,1850-01-24T00:00:00Z,Berlin,Germany,52.516666666667,13.383333333333
Joseph Herr,1989-12-06T00:00:00Z,1910-07-14T00:00:00Z,Clervaux,Luxembourg,50.05,6.0333333333333
Joseph Herr,1989-12-06T00:00:00Z,1910-07-14T00:00:00Z,Diekirch,Luxembourg,49.86778,6.15583
Serge Hoffmann,,1949-07-24T00:00:00Z,Strasbourg,France,48.573333333333,7.7522222222222
Serge Hoffmann,,1949-07-24T00:00:00Z,Luxembourg,Luxembourg,49.610555555556,6.1327777777778
Serge Hoffmann,,1949-07-24T00:00:00Z,Caen,France,49.18138888888889,-0.3636111111111111
Serge Hoffmann,,1949-07-24T00:00:00Z,Bettembourg,Luxembourg,49.51861,6.10278
Serge Hoffmann,,1949-07-24T00:00:00Z,Dudelange,Luxembourg,49.48056,6.0875
André Hohengarten,,1939-09-09T00:00:00Z,Luxembourg,Luxembourg,49.610555555556,6.1327777777778
Joseph Hurt,1962-03-25T00:00:00Z,1892-08-13T00:00:00Z,Grevenmacher,Luxembourg,49.680555555556,6.4416666666667
Joseph Hurt,1962-03-25T00:00:00Z,1892-08-13T00:00:00Z,Echternach,Luxembourg,49.811666666667,6.4216666666667
Joseph Hurt,1962-03-25T00:00:00Z,1892-08-13T00:00:00Z,Kiischpelt,Luxembourg,49.991944444444,6.0061111111111
Marie-Paule Jungblut,,1964-10-12T00:00:00Z,Fribourg,Switzerland,46.8,7.15
Marie-Paule Jungblut,,1964-10-12T00:00:00Z,Luxembourg,Luxembourg,49.610555555556,6.1327777777778
Marie-Paule Jungblut,,1964-10-12T00:00:00Z,Göttingen,Germany,51.533888888889,9.9355555555556
Marie-Paule Jungblut,,1964-10-12T00:00:00Z,Florence,Italy,43.771388888889,11.254166666667
Marie-Paule Jungblut,,1964-10-12T00:00:00Z,Manchester,United Kingdom,53.466666666667,-2.2333333333333
Marie-Paule Jungblut,,1964-10-12T00:00:00Z,Basel,Switzerland,47.560555555556,7.5905555555556
Victor Kalmes,2014-11-11T00:00:00Z,1921-05-16T00:00:00Z,Rameldange,Luxembourg,49.65,6.2333333333333
Victor Kalmes,2014-11-11T00:00:00Z,1921-05-16T00:00:00Z,Brachtenbach,Luxembourg,50.016666666667,5.9166666666667
Victor Kalmes,2014-11-11T00:00:00Z,1921-05-16T00:00:00Z,Bissen,Luxembourg,49.783333333333,6.0666666666667
Fred Karen,2011-10-07T00:00:00Z,1932-03-31T00:00:00Z,Rosport,Luxembourg,49.79778,6.50417
Fred Karen,2011-10-07T00:00:00Z,1932-03-31T00:00:00Z,Luxembourg,Luxembourg,49.610555555556,6.1327777777778
Fred Karen,2011-10-07T00:00:00Z,1932-03-31T00:00:00Z,Echternach,Luxembourg,49.811666666667,6.4216666666667
Fred Karen,2011-10-07T00:00:00Z,1932-03-31T00:00:00Z,Diekirch,Luxembourg,49.86778,6.15583
Pierre Kauthen,,1936-07-30T00:00:00Z,Differdange,Luxembourg,49.5222,5.8917
Pierre Kauthen,,1936-07-30T00:00:00Z,Luxembourg,Luxembourg,49.610555555556,6.1327777777778
Pierre Kauthen,,1936-07-30T00:00:00Z,Paris,France,48.85666666666667,2.352222222222222
Pierre Kauthen,,1936-07-30T00:00:00Z,Aix-en-Provence,France,43.527777777778,5.4455555555556
Pierre Kauthen,,1936-07-30T00:00:00Z,Echternach,Luxembourg,49.811666666667,6.4216666666667
Edouard Marc Kayser,,1954-02-14T00:00:00Z,Fontainebleau,France,48.408888888889,2.7016666666667
Edouard Marc Kayser,,1954-02-14T00:00:00Z,Luxembourg,Luxembourg,49.610555555556,6.1327777777778
Edouard Marc Kayser,,1954-02-14T00:00:00Z,Brussels,Belgium,50.846666666666664,4.351666666666667
Edouard Marc Kayser,,1954-02-14T00:00:00Z,Ettelbruck,Luxembourg,49.8470016,6.0984659
Edouard Marc Kayser,,1954-02-14T00:00:00Z,Dudelange,Luxembourg,49.48056,6.0875
Edouard Marc Kayser,,1954-02-14T00:00:00Z,Esch-sur-Alzette,Luxembourg,49.496944444444,5.9805555555556
Steve Kayser,,1972-05-16T00:00:00Z,Luxembourg,Luxembourg,49.610555555556,6.1327777777778
Steve Kayser,,1972-05-16T00:00:00Z,Paris,France,48.85666666666667,2.352222222222222
Monique Kieffer,,1952-07-02T00:00:00Z,Luxembourg,Luxembourg,49.610555555556,6.1327777777778
Monique Kieffer,,1952-07-02T00:00:00Z,Strasbourg,France,48.573333333333,7.7522222222222
Monique Kieffer,,1952-07-02T00:00:00Z,Lille,France,50.631944444444,3.0575
Georges Kiesel,2002-04-27T00:00:00Z,1911-07-07T00:00:00Z,Echternach,Luxembourg,49.811666666667,6.4216666666667
Georges Kiesel,2002-04-27T00:00:00Z,1911-07-07T00:00:00Z,Gehrden,Germany,52.313494444444444,9.600841666666666
Georges Kiesel,2002-04-27T00:00:00Z,1911-07-07T00:00:00Z,Luxembourg,Luxembourg,49.610555555556,6.1327777777778
Jean Kill,1969-04-02T00:00:00Z,1903-04-08T00:00:00Z,Dudelange,Luxembourg,49.48056,6.0875
Jean Kill,1969-04-02T00:00:00Z,1903-04-08T00:00:00Z,Junglinster,Luxembourg,49.711111111111,6.2513888888889
Jean Kill,1969-04-02T00:00:00Z,1903-04-08T00:00:00Z,Luxembourg,Luxembourg,49.610555555556,6.1327777777778
Josée Kirps,,1959-11-06T00:00:00Z,Montpellier,France,43.610919444444,3.8772305555556
Josée Kirps,,1959-11-06T00:00:00Z,Portugal,Portugal,38.7,-9.183333333333334
Johann Peter Kirsch,1941-02-04T00:00:00Z,1861-11-03T00:00:00Z,Rome,Italy,41.893055555556,12.482777777778
Johann Peter Kirsch,1941-02-04T00:00:00Z,1861-11-03T00:00:00Z,Dippach,Luxembourg,49.5875,5.9833333333333
Johann Peter Kirsch,1941-02-04T00:00:00Z,1861-11-03T00:00:00Z,Fribourg,Switzerland,46.8,7.15
David Kirt,,1981-07-30T00:00:00Z,Esch-sur-Alzette,Luxembourg,49.496944444444,5.9805555555556
David Kirt,,1981-07-30T00:00:00Z,Strasbourg,France,48.573333333333,7.7522222222222
David Kirt,,1981-07-30T00:00:00Z,Luxembourg,Luxembourg,49.610555555556,6.1327777777778
René Klein,,1945-12-07T00:00:00Z,Rumelange,Luxembourg,49.459722222222,6.0305555555556
René Klein,,1945-12-07T00:00:00Z,Rollingen,Luxembourg,49.740019444444,6.1127805555556
Sonja Kmec,,1976-08-06T00:00:00Z,Herdecke,Germany,51.4,7.4333333333333
Sonja Kmec,,1976-08-06T00:00:00Z,Diekirch,Luxembourg,49.86778,6.15583
Sonja Kmec,,1976-08-06T00:00:00Z,Luxembourg,Luxembourg,49.610555555556,6.1327777777778
Sonja Kmec,,1976-08-06T00:00:00Z,Paris,France,48.85666666666667,2.352222222222222
Sonja Kmec,,1976-08-06T00:00:00Z,Oxford,United Kingdom,51.751944444444,-1.2577777777778
Philippe Knaff,1889-12-05T00:00:00Z,1822-05-12T00:00:00Z,Luxembourg,Luxembourg,49.610555555556,6.1327777777778
Philippe Knaff,1889-12-05T00:00:00Z,1822-05-12T00:00:00Z,Grevenmacher,Luxembourg,49.680555555556,6.4416666666667
Henri Koch-Kent,1999-10-08T00:00:00Z,1905-05-02T00:00:00Z,Luxembourg,Luxembourg,49.610555555556,6.1327777777778
Henri Koch-Kent,1999-10-08T00:00:00Z,1905-05-02T00:00:00Z,London,United Kingdom,51.507222222222,-0.1275
Jean Charles Kohn,1909-05-03T00:00:00Z,1857-11-14T00:00:00Z,Grevenmacher,Luxembourg,49.680555555556,6.4416666666667
Jean Charles Kohn,1909-05-03T00:00:00Z,1857-11-14T00:00:00Z,Luxembourg,Luxembourg,49.610555555556,6.1327777777778
Jean-Pierre Koltz,1989-02-06T00:00:00Z,1909-05-27T00:00:00Z,Frankfurt,Germany,50.11055555555556,8.682222222222222
Jean-Pierre Koltz,1989-02-06T00:00:00Z,1909-05-27T00:00:00Z,Luxembourg,Luxembourg,49.610555555556,6.1327777777778
Stéphanie Kovacs,,1977-03-03T00:00:00Z,Esch-sur-Alzette,Luxembourg,49.496944444444,5.9805555555556
Stéphanie Kovacs,,1977-03-03T00:00:00Z,Luxembourg,Luxembourg,49.610555555556,6.1327777777778
Stéphanie Kovacs,,1977-03-03T00:00:00Z,Strasbourg,France,48.573333333333,7.7522222222222
Robert Krantz,,1933-01-01T00:00:00Z,Dudelange,Luxembourg,49.48056,6.0875
Jean-Marie Kreins,,1965,Leuven,Belgium,50.8775,4.704444
Jean-Marie Kreins,,1965,Luxembourg,Luxembourg,49.610555555556,6.1327777777778
Jean-Marie Kreins,,1965,Liège,Belgium,50.639722222222225,5.570555555555556
Émile Krier,2002-01-05T00:00:00Z,1949-05-05T00:00:00Z,Echternach,Luxembourg,49.811666666667,6.4216666666667
Émile Krier,2002-01-05T00:00:00Z,1949-05-05T00:00:00Z,Bonn,Germany,50.735277777777775,7.102222222222222
Émile Krier,2002-01-05T00:00:00Z,1949-05-05T00:00:00Z,Luxembourg,Luxembourg,49.610555555556,6.1327777777778
Émile Krier,2002-01-05T00:00:00Z,1949-05-05T00:00:00Z,Grevenmacher,Luxembourg,49.680555555556,6.4416666666667
Jean Krier,,1951-12-27T00:00:00Z,Leuven,Belgium,50.8775,4.704444
Jean Krier,,1951-12-27T00:00:00Z,Lyon,France,45.7675,4.835
Jean Krier,,1951-12-27T00:00:00Z,Rome,Italy,41.893055555556,12.482777777778
Jean Krier,,1951-12-27T00:00:00Z,Trier,Germany,49.75565,6.63935
Jean Krier,,1951-12-27T00:00:00Z,Luxembourg,Luxembourg,49.610555555556,6.1327777777778
Jean-Pierre Kunnert,2018-06-11T00:00:00Z,1954-04-01T00:00:00Z,Grevenmacher,Luxembourg,49.680555555556,6.4416666666667
Jean-Pierre Kunnert,2018-06-11T00:00:00Z,1954-04-01T00:00:00Z,Luxembourg,Luxembourg,49.610555555556,6.1327777777778
Jean-Pierre Kunnert,2018-06-11T00:00:00Z,1954-04-01T00:00:00Z,Saarbrücken,Germany,49.233333333333,7
Paul Lafontaine,2024-03-23T00:00:00Z,1948-05-30T00:00:00Z,Esch-sur-Alzette,Luxembourg,49.496944444444,5.9805555555556
Paul Lafontaine,2024-03-23T00:00:00Z,1948-05-30T00:00:00Z,Luxembourg,Luxembourg,49.610555555556,6.1327777777778
Paul Lafontaine,2024-03-23T00:00:00Z,1948-05-30T00:00:00Z,Nancy,France,48.692777777778,6.1836111111111
Paul Lafontaine,2024-03-23T00:00:00Z,1948-05-30T00:00:00Z,Dudelange,Luxembourg,49.48056,6.0875
Alex Langini,,1951-05-08T00:00:00Z,Luxembourg,Luxembourg,49.610555555556,6.1327777777778
Alex Langini,,1951-05-08T00:00:00Z,Trier,Germany,49.75565,6.63935
Abbé François Lascombes,1991-02-19T00:00:00Z,1921-05-28T00:00:00Z,Luxembourg,Luxembourg,49.610555555556,6.1327777777778
Abbé François Lascombes,1991-02-19T00:00:00Z,1921-05-28T00:00:00Z,Dinant,Belgium,50.256388888889,4.9136111111111
Jean Paul Lehners,,1948-04-20T00:00:00Z,Luxembourg,Luxembourg,49.610555555556,6.1327777777778
Jean Paul Lehners,,1948-04-20T00:00:00Z,Strasbourg,France,48.573333333333,7.7522222222222
Jean Paul Lehners,,1948-04-20T00:00:00Z,Vienna,Austria,48.208333333333336,16.3725
Jacques Leider,,1962-01-01T00:00:00Z,Luxembourg,Luxembourg,49.610555555556,6.1327777777778
Jacques Leider,,1962-01-01T00:00:00Z,Naypyidaw,Myanmar,19.7475,96.115
Jacques Leider,,1962-01-01T00:00:00Z,Paris,France,48.85666666666667,2.352222222222222
Jacques Leider,,1962-01-01T00:00:00Z,Yangon,Myanmar,16.795,96.16
Fabienne Lentz,,1978-11-08T00:00:00Z,Luxembourg,Luxembourg,49.610555555556,6.1327777777778
Fabienne Lentz,,1978-11-08T00:00:00Z,Paris,France,48.85666666666667,2.352222222222222
Paul Lesch,,1963-09-06T00:00:00Z,Luxembourg,Luxembourg,49.610555555556,6.1327777777778
Nicolas Liez,1890-01-19T00:00:00Z,1836-02-19T00:00:00Z,Luxembourg,Luxembourg,49.610555555556,6.1327777777778
Nicolas Liez,1890-01-19T00:00:00Z,1836-02-19T00:00:00Z,Rédange,France,49.494166666667,5.9194444444444
Raymond Linden,2010-04-08T00:00:00Z,1946-10-05T00:00:00Z,Luxembourg,Luxembourg,49.610555555556,6.1327777777778
Raymond Linden,2010-04-08T00:00:00Z,1946-10-05T00:00:00Z,Perlé,Luxembourg,49.80916666666667,5.766111111111111
Raymond Linden,2010-04-08T00:00:00Z,1946-10-05T00:00:00Z,Echternach,Luxembourg,49.811666666667,6.4216666666667
Raymond Linden,2010-04-08T00:00:00Z,1946-10-05T00:00:00Z,Grevenmacher,Luxembourg,49.680555555556,6.4416666666667
Raymond-Joseph Loenertz,1976-08-31T00:00:00Z,1900-06-10T00:00:00Z,Luxembourg,Luxembourg,49.610555555556,6.1327777777778
Raymond-Joseph Loenertz,1976-08-31T00:00:00Z,1900-06-10T00:00:00Z,Paris,France,48.85666666666667,2.352222222222222
Raymond-Joseph Loenertz,1976-08-31T00:00:00Z,1900-06-10T00:00:00Z,Ettal,Germany,47.566666666667,11.1
Raymond-Joseph Loenertz,1976-08-31T00:00:00Z,1900-06-10T00:00:00Z,Scheyern,Germany,48.5,11.466666666667
Fernand Lorang,2009-07-03T00:00:00Z,1924-06-16T00:00:00Z,Rumelange,Luxembourg,49.459722222222,6.0305555555556
Joseph Lortz,1975-02-21T00:00:00Z,1887-12-13T00:00:00Z,Grevenmacher,Luxembourg,49.680555555556,6.4416666666667
Joseph Lortz,1975-02-21T00:00:00Z,1887-12-13T00:00:00Z,Luxembourg,Luxembourg,49.610555555556,6.1327777777778
Joseph Lortz,1975-02-21T00:00:00Z,1887-12-13T00:00:00Z,Echternach,Luxembourg,49.811666666667,6.4216666666667
Joseph Lortz,1975-02-21T00:00:00Z,1887-12-13T00:00:00Z,Fribourg,Switzerland,46.8,7.15
Joseph Lortz,1975-02-21T00:00:00Z,1887-12-13T00:00:00Z,Bonn,Germany,50.735277777777775,7.102222222222222
Joseph Lortz,1975-02-21T00:00:00Z,1887-12-13T00:00:00Z,Würzburg,Germany,49.794444444444,9.9294444444444
Joseph Lortz,1975-02-21T00:00:00Z,1887-12-13T00:00:00Z,Braniewo,Poland,54.38194444444444,19.823611111111113
Joseph Lortz,1975-02-21T00:00:00Z,1887-12-13T00:00:00Z,Münster,Germany,51.9625,7.6255555555556
Jacques Maas,,1957-04-07T00:00:00Z,Luxembourg,Luxembourg,49.610555555556,6.1327777777778
Jacques Maas,,1957-04-07T00:00:00Z,Strasbourg,France,48.573333333333,7.7522222222222
Joseph Maertz,1988-12-18T00:00:00Z,1907-08-08T00:00:00Z,Paris,France,48.85666666666667,2.352222222222222
Joseph Maertz,1988-12-18T00:00:00Z,1907-08-08T00:00:00Z,Munich,Germany,48.1375,11.575
Joseph Maertz,1988-12-18T00:00:00Z,1907-08-08T00:00:00Z,Vienna,Austria,48.208333333333336,16.3725
Joseph Maertz,1988-12-18T00:00:00Z,1907-08-08T00:00:00Z,Luxembourg,Luxembourg,49.610555555556,6.1327777777778
Benoît Majerus,,1975-11-05T00:00:00Z,Luxembourg,Luxembourg,49.610555555556,6.1327777777778
Benoît Majerus,,1975-11-05T00:00:00Z,Esch-sur-Alzette,Luxembourg,49.496944444444,5.9805555555556
Benoît Majerus,,1975-11-05T00:00:00Z,Brussels,Belgium,50.846666666666664,4.351666666666667
Jean-Marie Majerus,,1959-11-22T00:00:00Z,Luxembourg,Luxembourg,49.610555555556,6.1327777777778
Jean-Marie Majerus,,1959-11-22T00:00:00Z,Ettelbruck,Luxembourg,49.8470016,6.0984659
Jean-Marie Majerus,,1959-11-22T00:00:00Z,Nancy,France,48.692777777778,6.1836111111111
Nicolas Majerus,1964-03-13T00:00:00Z,1892-10-31T00:00:00Z,Useldange,Luxembourg,49.76888888888889,5.980833333333333
Nicolas Majerus,1964-03-13T00:00:00Z,1892-10-31T00:00:00Z,Berlin,Germany,52.516666666667,13.383333333333
Nicolas Majerus,1964-03-13T00:00:00Z,1892-10-31T00:00:00Z,Paris,France,48.85666666666667,2.352222222222222
Nicolas Majerus,1964-03-13T00:00:00Z,1892-10-31T00:00:00Z,Luxembourg,Luxembourg,49.610555555556,6.1327777777778
Jean Malget,2017-10-10T00:00:00Z,1931-01-23T00:00:00Z,Buschdorf,Luxembourg,49.75,6
Jean Malget,2017-10-10T00:00:00Z,1931-01-23T00:00:00Z,Steinsel,Luxembourg,49.676388888889,6.1236111111111
Jean Malget,2017-10-10T00:00:00Z,1931-01-23T00:00:00Z,Esch-sur-Alzette,Luxembourg,49.496944444444,5.9805555555556
Nicolaus Mameranus,1567-01-01T00:00:00Z,1500-12-06T00:00:00Z,Augsburg,Germany,48.36888888888889,10.897777777777778
Nicolaus Mameranus,1567-01-01T00:00:00Z,1500-12-06T00:00:00Z,Mamer,Luxembourg,49.628333333333,6.0261111111111
Nicolaus Mameranus,1567-01-01T00:00:00Z,1500-12-06T00:00:00Z,Emmerich am Rhein,Germany,51.835,6.2452777777778
Nicolaus Mameranus,1567-01-01T00:00:00Z,1500-12-06T00:00:00Z,Cologne,Germany,50.942222222222,6.9577777777778
Nicolaus Mameranus,1567-01-01T00:00:00Z,1500-12-06T00:00:00Z,Orléans,France,47.902222222222,1.9041666666667
Nicolaus Mameranus,1567-01-01T00:00:00Z,1500-12-06T00:00:00Z,Bordeaux,France,44.837777777778,-0.57944444444444
Michel Margue,,1959-09-28T00:00:00Z,Luxembourg,Luxembourg,49.610555555556,6.1327777777778
Michel Margue,,1959-09-28T00:00:00Z,Strasbourg,France,48.573333333333,7.7522222222222
Michel Margue,,1959-09-28T00:00:00Z,Brussels,Belgium,50.846666666666664,4.351666666666667
Paul Margue,2019-10-27T00:00:00Z,1923-11-19T00:00:00Z,Luxembourg,Luxembourg,49.610555555556,6.1327777777778
Paul Margue,2019-10-27T00:00:00Z,1923-11-19T00:00:00Z,Leuven,Belgium,50.8775,4.704444
Paul Margue,2019-10-27T00:00:00Z,1923-11-19T00:00:00Z,Fribourg,Switzerland,46.8,7.15
Paul Margue,2019-10-27T00:00:00Z,1923-11-19T00:00:00Z,Paris,France,48.85666666666667,2.352222222222222
Jos Massard,,1944-12-03T00:00:00Z,Tétange,Luxembourg,49.476667,6.039444
Jos Massard,,1944-12-03T00:00:00Z,Esch-sur-Alzette,Luxembourg,49.496944444444,5.9805555555556
Jos Massard,,1944-12-03T00:00:00Z,Strasbourg,France,48.573333333333,7.7522222222222
Jos Massard,,1944-12-03T00:00:00Z,Echternach,Luxembourg,49.811666666667,6.4216666666667
Joseph Massarette,1947-10-20T00:00:00Z,1875-03-01T00:00:00Z,Luxembourg,Luxembourg,49.610555555556,6.1327777777778
Joseph Massarette,1947-10-20T00:00:00Z,1875-03-01T00:00:00Z,Esch-sur-Alzette,Luxembourg,49.496944444444,5.9805555555556
Paul Medinger,1939-09-29T00:00:00Z,1883-01-24T00:00:00Z,Luxembourg,Luxembourg,49.610555555556,6.1327777777778
Paul Medinger,1939-09-29T00:00:00Z,1883-01-24T00:00:00Z,Paris,France,48.85666666666667,2.352222222222222
Paul Medinger,1939-09-29T00:00:00Z,1883-01-24T00:00:00Z,Bonn,Germany,50.735277777777775,7.102222222222222
Paul Medinger,1939-09-29T00:00:00Z,1883-01-24T00:00:00Z,Berlin,Germany,52.516666666667,13.383333333333
Emile-Théodore Melchers,1999-12-27T00:00:00Z,1912-10-08T00:00:00Z,Pétange,Luxembourg,49.556388888889,5.8769444444444
Emile-Théodore Melchers,1999-12-27T00:00:00Z,1912-10-08T00:00:00Z,Luxembourg,Luxembourg,49.610555555556,6.1327777777778
Emile-Théodore Melchers,1999-12-27T00:00:00Z,1912-10-08T00:00:00Z,Brussels,Belgium,50.846666666666664,4.351666666666667
Emile-Théodore Melchers,1999-12-27T00:00:00Z,1912-10-08T00:00:00Z,Weimar,Germany,50.98111111111111,11.329444444444444
Emile-Théodore Melchers,1999-12-27T00:00:00Z,1912-10-08T00:00:00Z,Paris,France,48.85666666666667,2.352222222222222
Carole Mersch,,1950-02-28T00:00:00Z,Luxembourg,Luxembourg,49.610555555556,6.1327777777778
Carole Mersch,,1950-02-28T00:00:00Z,Dijon,France,47.323055555556,5.0419444444444
Carole Mersch,,1950-02-28T00:00:00Z,Esch-sur-Alzette,Luxembourg,49.496944444444,5.9805555555556
Jules Mersch,1973-05-01T00:00:00Z,1898-03-29T00:00:00Z,Luxembourg,Luxembourg,49.610555555556,6.1327777777778
Joseph Meyers,1964-10-05T00:00:00Z,1900-08-19T00:00:00Z,Rodange,Luxembourg,49.546666666667,5.8397222222222
Joseph Meyers,1964-10-05T00:00:00Z,1900-08-19T00:00:00Z,Luxembourg,Luxembourg,49.610555555556,6.1327777777778
Joseph Meyers,1964-10-05T00:00:00Z,1900-08-19T00:00:00Z,Liège,Belgium,50.639722222222225,5.570555555555556
Mathieu Michel,1880-08-06T00:00:00Z,1820-05-24T00:00:00Z,Luxembourg,Luxembourg,49.610555555556,6.1327777777778
Mathieu Michel,1880-08-06T00:00:00Z,1820-05-24T00:00:00Z,Echternach,Luxembourg,49.811666666667,6.4216666666667
Jean Milmeister,2019-11-14T00:00:00Z,1938-01-03T00:00:00Z,Vianden,Luxembourg,49.935,6.20889
Jean Milmeister,2019-11-14T00:00:00Z,1938-01-03T00:00:00Z,Ettelbruck,Luxembourg,49.8470016,6.0984659
Jean Milmeister,2019-11-14T00:00:00Z,1938-01-03T00:00:00Z,Tuntange,Luxembourg,49.71778,6.01028
Régis Moes,,1986-01-01T00:00:00Z,Brussels,Belgium,50.846666666666664,4.351666666666667
Régis Moes,,1986-01-01T00:00:00Z,Paris,France,48.85666666666667,2.352222222222222
Régis Moes,,1986-01-01T00:00:00Z,Luxembourg,Luxembourg,49.610555555556,6.1327777777778
Edouard Molitor,1999-10-20T00:00:00Z,1912-01-03T00:00:00Z,Ahn,Luxembourg,49.628056,6.422222
Edouard Molitor,1999-10-20T00:00:00Z,1912-01-03T00:00:00Z,Diekirch,Luxembourg,49.86778,6.15583
Prosper Müllendorff,1922-06-28T00:00:00Z,1854-06-26T00:00:00Z,Luxembourg,Luxembourg,49.610555555556,6.1327777777778
Prosper Müllendorff,1922-06-28T00:00:00Z,1854-06-26T00:00:00Z,Cologne,Germany,50.942222222222,6.9577777777778
Prosper Müllendorff,1922-06-28T00:00:00Z,1854-06-26T00:00:00Z,Lomé,Togo,6.13,1.2158333333333333
Prosper Müllendorff,1922-06-28T00:00:00Z,1854-06-26T00:00:00Z,Douala,Cameroon,4.05,9.7
François Müller,1866-10-05T00:00:00Z,1813-04-07T00:00:00Z,Ehlange-sur-Mess,Luxembourg,49.548055555556,6.0147222222222
François Müller,1866-10-05T00:00:00Z,1813-04-07T00:00:00Z,Floreffe,Belgium,50.43666666666667,4.76
François Müller,1866-10-05T00:00:00Z,1813-04-07T00:00:00Z,Dudelange,Luxembourg,49.48056,6.0875
François Müller,1866-10-05T00:00:00Z,1813-04-07T00:00:00Z,Echternach,Luxembourg,49.811666666667,6.4216666666667
François Müller,1866-10-05T00:00:00Z,1813-04-07T00:00:00Z,Diekirch,Luxembourg,49.86778,6.15583
Pierre-Joseph Müller,1978-01-07T00:00:00Z,1894-02-21T00:00:00Z,Luxembourg,Luxembourg,49.610555555556,6.1327777777778
Pierre-Joseph Müller,1978-01-07T00:00:00Z,1894-02-21T00:00:00Z,Diekirch,Luxembourg,49.86778,6.15583
Dominik Konstantin München,1818-12-16T00:00:00Z,1763-06-26T00:00:00Z,Dudeldorf,Germany,49.973888888889,6.6363888888889
Dominik Konstantin München,1818-12-16T00:00:00Z,1763-06-26T00:00:00Z,Ghent,Belgium,51.05361111111111,3.725277777777778
Dominik Konstantin München,1818-12-16T00:00:00Z,1763-06-26T00:00:00Z,Diekirch,Luxembourg,49.86778,6.15583
Dominik Konstantin München,1818-12-16T00:00:00Z,1763-06-26T00:00:00Z,Luxembourg,Luxembourg,49.610555555556,6.1327777777778
Antoine Namur,1869-03-31T00:00:00Z,1812-03-12T00:00:00Z,Luxembourg,Luxembourg,49.610555555556,6.1327777777778
Auguste Neyen,1882-12-01T00:00:00Z,1809-08-12T00:00:00Z,Luxembourg,Luxembourg,49.610555555556,6.1327777777778
Auguste Neyen,1882-12-01T00:00:00Z,1809-08-12T00:00:00Z,Wiltz,Luxembourg,49.96889,5.93194
Auguste Neyen,1882-12-01T00:00:00Z,1809-08-12T00:00:00Z,Liège,Belgium,50.639722222222225,5.570555555555556
Auguste Neyen,1882-12-01T00:00:00Z,1809-08-12T00:00:00Z,Virton,Belgium,49.5675,5.5325
Edouard Oster,1965-10-27T00:00:00Z,1880-04-26T00:00:00Z,Luxembourg,Luxembourg,49.610555555556,6.1327777777778
Joseph Paquet,1858-02-04T00:00:00Z,1804-08-13T00:00:00Z,Luxembourg,Luxembourg,49.610555555556,6.1327777777778
Joseph Paquet,1858-02-04T00:00:00Z,1804-08-13T00:00:00Z,Leuven,Belgium,50.8775,4.704444
Joseph Paquet,1858-02-04T00:00:00Z,1804-08-13T00:00:00Z,Liège,Belgium,50.639722222222225,5.570555555555556
Joseph Paquet,1858-02-04T00:00:00Z,1804-08-13T00:00:00Z,Bonn,Germany,50.735277777777775,7.102222222222222
Michel Pauly,,1952-06-12T00:00:00Z,Luxembourg,Luxembourg,49.610555555556,6.1327777777778
Michel Pauly,,1952-06-12T00:00:00Z,Tübingen,Germany,48.52,9.0555555555556
Michel Pauly,,1952-06-12T00:00:00Z,Trier,Germany,49.75565,6.63935
Robert Philippart,,1960-04-02T00:00:00Z,Luxembourg,Luxembourg,49.610555555556,6.1327777777778
Robert Philippart,,1960-04-02T00:00:00Z,Leuven,Belgium,50.8775,4.704444
Lise Piazza,,1978-01-01T00:00:00Z,Esch-sur-Alzette,Luxembourg,49.496944444444,5.9805555555556
Lise Piazza,,1978-01-01T00:00:00Z,Brussels,Belgium,50.846666666666664,4.351666666666667
Jean-François Pierret,1738-04-23T00:00:00Z,1673-01-01T00:00:00Z,Luxembourg,Luxembourg,49.610555555556,6.1327777777778
Michel Polfer,,1964-06-09T00:00:00Z,Freiburg im Breisgau,Germany,47.995,7.85
Michel Polfer,,1964-06-09T00:00:00Z,Metz,France,49.119722222222,6.1769444444444
Michel Polfer,,1964-06-09T00:00:00Z,Ettelbruck,Luxembourg,49.8470016,6.0984659
Michel Polfer,,1964-06-09T00:00:00Z,Luxembourg,Luxembourg,49.610555555556,6.1327777777778
Marthe Prim-Welter,2010-01-23T00:00:00Z,1910-08-30T00:00:00Z,Junglinster,Luxembourg,49.711111111111,6.2513888888889
Marthe Prim-Welter,2010-01-23T00:00:00Z,1910-08-30T00:00:00Z,Luxembourg,Luxembourg,49.610555555556,6.1327777777778
Marthe Prim-Welter,2010-01-23T00:00:00Z,1910-08-30T00:00:00Z,Schifflange,Luxembourg,49.505555555556,6.0125
Sacha Pulli,,1990-11-21T00:00:00Z,Luxembourg,Luxembourg,49.610555555556,6.1327777777778
Norbert Quintus,,1944-11-11T00:00:00Z,Nancy,France,48.692777777778,6.1836111111111
Norbert Quintus,,1944-11-11T00:00:00Z,Dudelange,Luxembourg,49.48056,6.0875
Norbert Quintus,,1944-11-11T00:00:00Z,Peppange,Luxembourg,49.516666666667,6.1333333333333
Antoinette Reuter,,1951-11-15T00:00:00Z,Toulouse,France,43.60444444444445,1.4433333333333334
Antoinette Reuter,,1951-11-15T00:00:00Z,Lyon,France,45.7675,4.835
Antoinette Reuter,,1951-11-15T00:00:00Z,Esch-sur-Alzette,Luxembourg,49.496944444444,5.9805555555556
Antoinette Reuter,,1951-11-15T00:00:00Z,Luxembourg,Luxembourg,49.610555555556,6.1327777777778
Michel Richartz,,1970-12-31T00:00:00Z,Ettelbruck,Luxembourg,49.8470016,6.0984659
Michel Richartz,,1970-12-31T00:00:00Z,Luxembourg,Luxembourg,49.610555555556,6.1327777777778
Michel Richartz,,1970-12-31T00:00:00Z,Liège,Belgium,50.639722222222225,5.570555555555556
Alphonse Rupprecht,1929-05-25T00:00:00Z,1868-08-31T00:00:00Z,Luxembourg,Luxembourg,49.610555555556,6.1327777777778
Charles Schaack,1925-07-28T00:00:00Z,1867-03-20T00:00:00Z,Luxembourg,Luxembourg,49.610555555556,6.1327777777778
Charles Schaack,1925-07-28T00:00:00Z,1867-03-20T00:00:00Z,Ghent,Belgium,51.05361111111111,3.725277777777778
Charles Schaack,1925-07-28T00:00:00Z,1867-03-20T00:00:00Z,Diekirch,Luxembourg,49.86778,6.15583
Hyacinthe Schaack,1915-06-01T00:00:00Z,1831-07-02T00:00:00Z,Luxembourg,Luxembourg,49.610555555556,6.1327777777778
Hyacinthe Schaack,1915-06-01T00:00:00Z,1831-07-02T00:00:00Z,Ghent,Belgium,51.05361111111111,3.725277777777778
Hyacinthe Schaack,1915-06-01T00:00:00Z,1831-07-02T00:00:00Z,Esch-sur-Alzette,Luxembourg,49.496944444444,5.9805555555556
Hyacinthe Schaack,1915-06-01T00:00:00Z,1831-07-02T00:00:00Z,Capellen,Luxembourg,49.644444444444,5.9897222222222
John Scheid,,1946-05-31T00:00:00Z,Luxembourg,Luxembourg,49.610555555556,6.1327777777778
John Scheid,,1946-05-31T00:00:00Z,Paris,France,48.85666666666667,2.352222222222222
John Scheid,,1946-05-31T00:00:00Z,Strasbourg,France,48.573333333333,7.7522222222222
John Scheid,,1946-05-31T00:00:00Z,Rome,Italy,41.893055555556,12.482777777778
Pol Schiltz,,1942-01-01T00:00:00Z,Luxembourg,Luxembourg,49.610555555556,6.1327777777778
Pol Schiltz,,1942-01-01T00:00:00Z,Echternach,Luxembourg,49.811666666667,6.4216666666667
Georges Schmitt,1986-07-14T00:00:00Z,1907-12-19T00:00:00Z,Luxembourg,Luxembourg,49.610555555556,6.1327777777778
Michel Schmitt,2009-10-19T00:00:00Z,1936-03-08T00:00:00Z,Luxembourg,Luxembourg,49.610555555556,6.1327777777778
Michel Schmitt,2009-10-19T00:00:00Z,1936-03-08T00:00:00Z,Fribourg,Switzerland,46.8,7.15
Marc Schoentgen,,1967-01-01T00:00:00Z,Diekirch,Luxembourg,49.86778,6.15583
Marc Schoentgen,,1967-01-01T00:00:00Z,Tübingen,Germany,48.52,9.0555555555556
Marc Schoentgen,,1967-01-01T00:00:00Z,Ettelbruck,Luxembourg,49.8470016,6.0984659
Jean Schoetter,1881-06-14T00:00:00Z,1823-03-31T00:00:00Z,Esch-sur-Sûre,Luxembourg,49.911,5.93467
Jean Schoetter,1881-06-14T00:00:00Z,1823-03-31T00:00:00Z,Luxembourg,Luxembourg,49.610555555556,6.1327777777778
Jean Schoos,2005-04-09T00:00:00Z,1924-06-08T00:00:00Z,Fribourg,Switzerland,46.8,7.15
Jean Schoos,2005-04-09T00:00:00Z,1924-06-08T00:00:00Z,Bonn,Germany,50.735277777777775,7.102222222222222
Jean Schoos,2005-04-09T00:00:00Z,1924-06-08T00:00:00Z,Toulouse,France,43.60444444444445,1.4433333333333334
Jean Schroeder,2024-07-25T00:00:00Z,1947-08-12T00:00:00Z,Luxembourg,Luxembourg,49.610555555556,6.1327777777778
Jean Schroeder,2024-07-25T00:00:00Z,1947-08-12T00:00:00Z,Echternach,Luxembourg,49.811666666667,6.4216666666667
Jean Schroeder,2024-07-25T00:00:00Z,1947-08-12T00:00:00Z,Freiburg im Breisgau,Germany,47.995,7.85
Jean Schwindt,,1863-09-27T00:00:00Z,Septfontaines,Luxembourg,49.70111,5.96722
Jean Schwindt,,1863-09-27T00:00:00Z,Namur,Belgium,50.466666666667,4.8666666666667
Jean Schwindt,,1863-09-27T00:00:00Z,Mechelen,Belgium,51.028055555555554,4.480277777777777
Jean Schwindt,,1863-09-27T00:00:00Z,Jambes,Belgium,50.4536,4.8681
Denis Scuto,,1964-11-13T00:00:00Z,Esch-sur-Alzette,Luxembourg,49.496944444444,5.9805555555556
Denis Scuto,,1964-11-13T00:00:00Z,Luxembourg,Luxembourg,49.610555555556,6.1327777777778
Denis Scuto,,1964-11-13T00:00:00Z,Echternach,Luxembourg,49.811666666667,6.4216666666667
Denis Scuto,,1964-11-13T00:00:00Z,Brussels,Belgium,50.846666666666664,4.351666666666667
Emile Seiler,2022-09-16T00:00:00Z,1936-07-02T00:00:00Z,Echternach,Luxembourg,49.811666666667,6.4216666666667
Emile Seiler,2022-09-16T00:00:00Z,1936-07-02T00:00:00Z,Paris,France,48.85666666666667,2.352222222222222
Emile Seiler,2022-09-16T00:00:00Z,1936-07-02T00:00:00Z,Luxembourg,Luxembourg,49.610555555556,6.1327777777778
Johannes Sleidanus,1556-10-31T00:00:00Z,1506-01-01T00:00:00Z,Schleiden,Germany,50.533055555556,6.4666666666667
Johannes Sleidanus,1556-10-31T00:00:00Z,1506-01-01T00:00:00Z,Strasbourg,France,48.573333333333,7.7522222222222
Johannes Sleidanus,1556-10-31T00:00:00Z,1506-01-01T00:00:00Z,Paris,France,48.85666666666667,2.352222222222222
Paul Spang,2009-03-15T00:00:00Z,1922-07-06T00:00:00Z,Echternach,Luxembourg,49.811666666667,6.4216666666667
Paul Spang,2009-03-15T00:00:00Z,1922-07-06T00:00:00Z,Zurich,Switzerland,47.37444444444444,8.54111111111111
Paul Spang,2009-03-15T00:00:00Z,1922-07-06T00:00:00Z,Paris,France,48.85666666666667,2.352222222222222
Paul Spang,2009-03-15T00:00:00Z,1922-07-06T00:00:00Z,Luxembourg,Luxembourg,49.610555555556,6.1327777777778
Joseph Speck,1901-01-04T00:00:00Z,1834-09-13T00:00:00Z,Echternach,Luxembourg,49.811666666667,6.4216666666667
Joseph Speck,1901-01-04T00:00:00Z,1834-09-13T00:00:00Z,Trier,Germany,49.75565,6.63935
Joseph Speck,1901-01-04T00:00:00Z,1834-09-13T00:00:00Z,Luxembourg,Luxembourg,49.610555555556,6.1327777777778
Alphonse Sprunck,1983-09-13T00:00:00Z,1896-06-18T00:00:00Z,Erpeldange,Luxembourg,49.5448,6.3266
Alphonse Sprunck,1983-09-13T00:00:00Z,1896-06-18T00:00:00Z,Luxembourg,Luxembourg,49.610555555556,6.1327777777778
Albert Steffen,1962-06-01T00:00:00Z,1884-03-08T00:00:00Z,Capellen,Luxembourg,49.644444444444,5.9897222222222
Albert Steffen,1962-06-01T00:00:00Z,1884-03-08T00:00:00Z,Diekirch,Luxembourg,49.86778,6.15583
Albert Steffen,1962-06-01T00:00:00Z,1884-03-08T00:00:00Z,Luxembourg,Luxembourg,49.610555555556,6.1327777777778
Albert Steffen,1962-06-01T00:00:00Z,1884-03-08T00:00:00Z,Paris,France,48.85666666666667,2.352222222222222
Albert Steffen,1962-06-01T00:00:00Z,1884-03-08T00:00:00Z,Berlin,Germany,52.516666666667,13.383333333333
Raymond Steil,,1954-12-13T00:00:00Z,Luxembourg,Luxembourg,49.610555555556,6.1327777777778
Aloyse Steinmetz,2015-04-01T00:00:00Z,1920-10-13T00:00:00Z,Luxembourg,Luxembourg,49.610555555556,6.1327777777778
Aloyse Steinmetz,2015-04-01T00:00:00Z,1920-10-13T00:00:00Z,Luxembourg,Luxembourg,49.610555555556,6.1327777777778
Aloyse Steinmetz,2015-04-01T00:00:00Z,1920-10-13T00:00:00Z,Putscheid,Luxembourg,49.95944388888889,6.141388888888889
Aloyse Steinmetz,2015-04-01T00:00:00Z,1920-10-13T00:00:00Z,Rosport,Luxembourg,49.79778,6.50417
Charles Marie Ternes,2004-06-06T00:00:00Z,1939-03-10T00:00:00Z,Luxembourg,Luxembourg,49.610555555556,6.1327777777778
Charles Marie Ternes,2004-06-06T00:00:00Z,1939-03-10T00:00:00Z,Nancy,France,48.692777777778,6.1836111111111
Charles Marie Ternes,2004-06-06T00:00:00Z,1939-03-10T00:00:00Z,Paris,France,48.85666666666667,2.352222222222222
Charles Marie Ternes,2004-06-06T00:00:00Z,1939-03-10T00:00:00Z,Metz,France,49.119722222222,6.1769444444444
Charles Marie Ternes,2004-06-06T00:00:00Z,1939-03-10T00:00:00Z,Diekirch,Luxembourg,49.86778,6.15583
Guy Thewes,,1967-01-01T00:00:00Z,Luxembourg,Luxembourg,49.610555555556,6.1327777777778
Édouard Thibold,2001-08-04T00:00:00Z,1925-11-21T00:00:00Z,Mullerthal,Luxembourg,49.7902688,6.3071067
Édouard Thibold,2001-08-04T00:00:00Z,1925-11-21T00:00:00Z,Echternach,Luxembourg,49.811666666667,6.4216666666667
Édouard Thibold,2001-08-04T00:00:00Z,1925-11-21T00:00:00Z,Ettelbruck,Luxembourg,49.8470016,6.0984659
Fernand Thibor,1997-01-01T00:00:00Z,1932-01-01T00:00:00Z,Luxembourg,Luxembourg,49.610555555556,6.1327777777778
Fernand Thibor,1997-01-01T00:00:00Z,1932-01-01T00:00:00Z,Ettelbruck,Luxembourg,49.8470016,6.0984659
Fernand Thibor,1997-01-01T00:00:00Z,1932-01-01T00:00:00Z,Besançon,France,47.242222222222,6.0213888888889
Jacques Thiel,1964-06-20T00:00:00Z,1892-05-02T00:00:00Z,Dudelange,Luxembourg,49.48056,6.0875
Jacques Thiel,1964-06-20T00:00:00Z,1892-05-02T00:00:00Z,Bruges,Belgium,51.208888888888886,3.2241666666666666
Armand Thill,2016-04-06T00:00:00Z,1950-01-01T00:00:00Z,Esch-sur-Alzette,Luxembourg,49.496944444444,5.9805555555556
Armand Thill,2016-04-06T00:00:00Z,1950-01-01T00:00:00Z,Luxembourg,Luxembourg,49.610555555556,6.1327777777778
Armand Thill,2016-04-06T00:00:00Z,1950-01-01T00:00:00Z,Nancy,France,48.692777777778,6.1836111111111
Gérard Thill,2025-11-17T00:00:00Z,1925-03-13T00:00:00Z,Brühl,Germany,50.833333333333,6.9
Gérard Thill,2025-11-17T00:00:00Z,1925-03-13T00:00:00Z,Luxembourg,Luxembourg,49.610555555556,6.1327777777778
Jean Thill,1937-10-22T00:00:00Z,1854-11-28T00:00:00Z,Luxembourg,Luxembourg,49.610555555556,6.1327777777778
Jean Thill,1937-10-22T00:00:00Z,1854-11-28T00:00:00Z,Echternach,Luxembourg,49.811666666667,6.4216666666667
Bernard Thomas,,1983-09-30T00:00:00Z,Luxembourg,Luxembourg,49.610555555556,6.1327777777778
Bernard Thomas,,1983-09-30T00:00:00Z,Paris,France,48.85666666666667,2.352222222222222
Bernard Thomas,,1983-09-30T00:00:00Z,Berlin,Germany,52.516666666667,13.383333333333
Henri Trauffler,,1958-12-20T00:00:00Z,Echternach,Luxembourg,49.811666666667,6.4216666666667
Henri Trauffler,,1958-12-20T00:00:00Z,Ettelbruck,Luxembourg,49.8470016,6.0984659
Henri Trauffler,,1958-12-20T00:00:00Z,Luxembourg,Luxembourg,49.610555555556,6.1327777777778
Henri Trauffler,,1958-12-20T00:00:00Z,Trier,Germany,49.75565,6.63935
Henri Trauffler,,1958-12-20T00:00:00Z,Paris,France,48.85666666666667,2.352222222222222
Gilbert Trausch,2018-06-03T00:00:00Z,1931-09-20T00:00:00Z,Luxembourg,Luxembourg,49.610555555556,6.1327777777778
Gilbert Trausch,2018-06-03T00:00:00Z,1931-09-20T00:00:00Z,Paris,France,48.85666666666667,2.352222222222222
Gilbert Trausch,2018-06-03T00:00:00Z,1931-09-20T00:00:00Z,Exeter,United Kingdom,50.72555555555556,-3.526944444444444
Gilbert Trausch,2018-06-03T00:00:00Z,1931-09-20T00:00:00Z,Liège,Belgium,50.639722222222225,5.570555555555556
Gilbert Trausch,2018-06-03T00:00:00Z,1931-09-20T00:00:00Z,Bruges,Belgium,51.208888888888886,3.2241666666666666
Marc Trossen,,1949-09-24T00:00:00Z,Luxembourg,Luxembourg,49.610555555556,6.1327777777778
Jean Ulveling,1878-12-07T00:00:00Z,1796-04-03T00:00:00Z,Niederwiltz,Luxembourg,49.97138888888889,5.925833333333333
Jean Ulveling,1878-12-07T00:00:00Z,1796-04-03T00:00:00Z,Luxembourg,Luxembourg,49.610555555556,6.1327777777778
Nicolas Werveke,1926-02-24T00:00:00Z,1851-07-23T00:00:00Z,Luxembourg,Luxembourg,49.610555555556,6.1327777777778
Nicolas Werveke,1926-02-24T00:00:00Z,1851-07-23T00:00:00Z,Diekirch,Luxembourg,49.86778,6.15583
Renée Wagener,,1962-11-21T00:00:00Z,Luxembourg,Luxembourg,49.610555555556,6.1327777777778
Renée Wagener,,1962-11-21T00:00:00Z,Hagen,Germany,51.359444444444,7.475
Camille Wampach,1958-08-07T00:00:00Z,1884-08-18T00:00:00Z,Echternach,Luxembourg,49.811666666667,6.4216666666667
Camille Wampach,1958-08-07T00:00:00Z,1884-08-18T00:00:00Z,Berlin,Germany,52.516666666667,13.383333333333
Camille Wampach,1958-08-07T00:00:00Z,1884-08-18T00:00:00Z,Hamm,Germany,51.68138888888889,7.819166666666667
Camille Wampach,1958-08-07T00:00:00Z,1884-08-18T00:00:00Z,Bonn,Germany,50.735277777777775,7.102222222222222
Raymond Waringo,2003-08-23T00:00:00Z,1950-02-27T00:00:00Z,Troisvierges,Luxembourg,50.116666666667,6
Raymond Waringo,2003-08-23T00:00:00Z,1950-02-27T00:00:00Z,Bettembourg,Luxembourg,49.51861,6.10278
Josiane Weber,,1957-01-01T00:00:00Z,Esch-sur-Alzette,Luxembourg,49.496944444444,5.9805555555556
Josiane Weber,,1957-01-01T00:00:00Z,Trier,Germany,49.75565,6.63935
Josiane Weber,,1957-01-01T00:00:00Z,Luxembourg,Luxembourg,49.610555555556,6.1327777777778
Paul Weber,1976-12-22T00:00:00Z,1898-10-03T00:00:00Z,Luxembourg,Luxembourg,49.610555555556,6.1327777777778
Henri Wehenkel,,1940-04-17T00:00:00Z,Luxembourg,Luxembourg,49.610555555556,6.1327777777778
Henri Wehenkel,,1940-04-17T00:00:00Z,Paris,France,48.85666666666667,2.352222222222222
Henri Wehenkel,,1940-04-17T00:00:00Z,Esch-sur-Alzette,Luxembourg,49.496944444444,5.9805555555556
Raymond Weiller,2022-01-01T00:00:00Z,1938-01-01T00:00:00Z,Luxembourg,Luxembourg,49.610555555556,6.1327777777778
Raymond Weiller,2022-01-01T00:00:00Z,1938-01-01T00:00:00Z,Leuven,Belgium,50.8775,4.704444
Monique Weis,,1971-12-19T00:00:00Z,Luxembourg,Luxembourg,49.610555555556,6.1327777777778
Monique Weis,,1971-12-19T00:00:00Z,Brussels,Belgium,50.846666666666664,4.351666666666667
Monique Weis,,1971-12-19T00:00:00Z,Differdange,Luxembourg,49.5222,5.8917
Claude Wey,,1954-05-19T00:00:00Z,Wiltz,Luxembourg,49.96889,5.93194
Claude Wey,,1954-05-19T00:00:00Z,Luxembourg,Luxembourg,49.610555555556,6.1327777777778
Claude Wey,,1954-05-19T00:00:00Z,Paris,France,48.85666666666667,2.352222222222222
Jules Wilhelm,1942-01-07T00:00:00Z,1866-05-20T00:00:00Z,Luxembourg,Luxembourg,49.610555555556,6.1327777777778
Jules Wilhelm,1942-01-07T00:00:00Z,1866-05-20T00:00:00Z,Bonn,Germany,50.735277777777775,7.102222222222222
Jules Wilhelm,1942-01-07T00:00:00Z,1866-05-20T00:00:00Z,Paris,France,48.85666666666667,2.352222222222222
Serge Wilmes,,1982-05-06T00:00:00Z,Luxembourg,Luxembourg,49.610555555556,6.1327777777778
Serge Wilmes,,1982-05-06T00:00:00Z,Nancy,France,48.692777777778,6.1836111111111
Alexandre Wiltheim,1684-10-15T00:00:00Z,1604-10-08T00:00:00Z,Luxembourg,Luxembourg,49.610555555556,6.1327777777778
Jean Guillaume Wiltheim,1636-03-23T00:00:00Z,1594-06-06T00:00:00Z,Luxembourg,Luxembourg,49.610555555556,6.1327777777778
Eugène Wolff,1908-10-22T00:00:00Z,1865-09-23T00:00:00Z,Ancona,Italy,43.616666666667,13.516666666667
Eugène Wolff,1908-10-22T00:00:00Z,1865-09-23T00:00:00Z,Oberpallen,Luxembourg,49.72944444444445,5.841111111111111
Eugène Wolff,1908-10-22T00:00:00Z,1865-09-23T00:00:00Z,Luxembourg,Luxembourg,49.610555555556,6.1327777777778
Eugène Wolff,1908-10-22T00:00:00Z,1865-09-23T00:00:00Z,Lille,France,50.631944444444,3.0575
Eugène Wolff,1908-10-22T00:00:00Z,1865-09-23T00:00:00Z,Paris,France,48.85666666666667,2.352222222222222
Eugène Wolff,1908-10-22T00:00:00Z,1865-09-23T00:00:00Z,Berlin,Germany,52.516666666667,13.383333333333
Eugène Wolff,1908-10-22T00:00:00Z,1865-09-23T00:00:00Z,Echternach,Luxembourg,49.811666666667,6.4216666666667
Jean-Baptiste Wolff,1866-01-01T00:00:00Z,1795-01-01T00:00:00Z,Beringen,Luxembourg,49.76,6.12
Jean-Baptiste Wolff,1866-01-01T00:00:00Z,1795-01-01T00:00:00Z,Luxembourg,Luxembourg,49.610555555556,6.1327777777778
François-Xavier Wurth-Paquet,1885-02-04T00:00:00Z,1801-04-16T00:00:00Z,Luxembourg,Luxembourg,49.610555555556,6.1327777777778
François-Xavier Wurth-Paquet,1885-02-04T00:00:00Z,1801-04-16T00:00:00Z,Liège,Belgium,50.639722222222225,5.570555555555556
François-Xavier Wurth-Paquet,1885-02-04T00:00:00Z,1801-04-16T00:00:00Z,Esch-sur-Alzette,Luxembourg,49.496944444444,5.9805555555556
Nicole Zens,,2000-01-01T00:00:00Z,Differdange,Luxembourg,49.5222,5.8917
Nicole Zens,,2000-01-01T00:00:00Z,Caen,France,49.18138888888889,-0.3636111111111111
Nicole Zens,,2000-01-01T00:00:00Z,Lisieux,France,49.145555555556,0.22555555555556
Nicole Zens,,2000-01-01T00:00:00Z,Echternach,Luxembourg,49.811666666667,6.4216666666667
