Jahr;Originaltitel;Sprache;lemmatisierter Titel
1982;Recherches sur la noblesse du Duché de Luxemburg au XVe siècle. Essai de classification et étude des relations interfamiliales;Französisch;recherche noblesse duché Luxemburg  essai classification étude relation interfamilial
1984;Nobles et chevaliers dans le comté de Luxemburg (XIIe-XIIIe siècles);Französisch;noble chevalier comté Luxemburg 
1999;Autorité publique et conscience dynastique. Études sur les représentations du pouvoir entre Meuse et Mosel. Les origines du comté de Luxemburg (Xe-début XIIe s.);Französisch;autorité publique conscience dynastique étude représentation pouvoir meuse Mosel origine comté Luxemburg début
1992;Das Leben in der mittelalterlichen Stadt. Materialien für den projektorientierten Geschichtsunterricht;Deutsch;leben mittelalterlich stadt material projektorientiert geschichtsunterricht
1994;Ermesinde et l’affranchissement de la ville de Luxemburg. Études sur la femme, le pouvoir et la ville au XIIIe siècle;Französisch;ermesinde affranchissement Luxemburg étude femme pouvoir 
1996;Un itinéraire européen. Jean l’Aveugle, comte de Luxemburg et roi de Bohême 1296-1346;Französisch;itinéraire européen jean aveugle comte Luxemburg roi bohême
1996;Entdecken und Verstehen : Geschichtsbuch für den technischen Sekundarunterricht in Luxemburg, vol. 1, Von der Frühzeit des Menschen bis zum Ende des Römischen Reiches;Deutsch;entdecken verstehen geschichtsbuch technisch sekundarunterricht luxemburg frühzeit mensch ende römisch reich
1997;Entdecken und Verstehen : Geschichtsbuch für den technischen Sekundarunterricht in Luxemburg, vol. 2, Vom Mittelalter bis zur Entstehung der Nationalstaaten;Deutsch;entdecken verstehen geschichtsbuch technisch sekundarunterricht luxemburg mittelalter entstehung nationalstaat
1997;Entdecken und Verstehen : Geschichtsbuch für den technischen Sekundarunterricht in Luxemburg, vol. 3, Von der Industrialisierung bis zur Gegenwart;Deutsch;entdecken verstehen geschichtsbuch technisch sekundarunterricht luxemburg industrialisierung gegenwart
2006;Sépulture, mort et représentation du pouvoir au Moyen Âge. Tod, Grabmal und Herrschaftsrepräsentation im Mittelalter;Französisch/Deutsch;sépulture mort représentation pouvoir moyen âge tod grabmal herrschaftsrepräsentation mittelalter
2006;L’Histoire à l’Université du Luxemburg = Hémecht 58/1 (2006);Französisch;histoire université Luxemburg hémecht
2007;Lieux de mémoire au Luxemburg. Usages du passé et construction nationale. Erinnerungsorte in Luxemburg. Umgang mit der Vergangenheit und Konstruktion der Nation;Französisch/Deutsch;lieu mémoire Luxemburg usage passé construction national erinnerungsort luxemburg umgang vergangenheit konstruktion nation
2009;Dépasser le cadre national des « lieux de mémoire ». Innovations méthodologiques, approches comparatives, lectures transnationales. Nationale Erinnerungsorte hinterfragt. Methodologische Innovationen, vergleichende Annäherungen, transnationale Lektüren;Französisch/Deutsch;dépasser cadre national lieu mémoire innovation méthodologique approche comparatif lecture transnational national erinnerungsort hinterfragt methodologisch innovation vergleichend annäherung transnational lektüre
2009;Der Weg zur Kaiserkrone. Der Romzug Heinrichs VII. in der Darstellung Erzbischof Balduins von Trier;Deutsch;weg kaiserkrone romzug heinrich darstellung erzbischof balduin trier
2010;Inventing Luxemburg. Representations of the Past, Space and Language from the Nineteenth to the Twenty-First Century;Englisch;inventing Luxemburg representation past space language nineteenth twenty first century
2011;De la mer du Nord à la Méditerranée. Francia Media. Une région au cœur de l’Europe (c. 840-c. 1050);Französisch;mer nord méditerranée francia media région cœur europe
2012;Peripheral memories. Public and Private Forms of Experiencing and Narrating the Past;Englisch;peripheral memory public private form experiencing narrating past
2013;Université du Luxemburg 2003 – 2013;Französisch;université Luxemburg
2018;La Lotharingie en question : identités, oppositions, intégration. lotharingiee Identitäten im Spannungsfeld zwischen integrativen und partikulären Kräften;Französisch/Deutsch;lotharingie question identité opposition intégration lotharingie identitäten spannungsfeld integrativ partikulär kräften
2021;Über den Hof und am Hofe. Literatur und Geschichtsschreibung im Mittelalter. Sammelband zur internationalen Konferenz des Projekts Forschungszentrum Höfe und Residenzen am Historischen Institut der Prager Akademie der Wissenschaften, Historischen Institut der Universität Luxemburg und Lehrstuhl für Germanistik der Philosophischen Fakultät der Palacký-Universität Olmütz, Prag, 29. Januar 2019;Deutsch;hof hofe literatur geschichtsschreibung mittelalter sammelband international konferenz projekts forschungszentrum hof residenz historisch institut prager akademie wissenschaft historisch institut universität luxemburg lehrstuhl germanistik philosophisch fakultät palacký universität olmütz prag januar
2025;I Lussemburgo in Italia nel Trecento. Forme e ripercussioni di un nuovo tentativo di dominio imperiale;Italienisch;lussemburgo italia trecento forma ripercussione nuovo tentativo dominio imperiale
2019;Regesten aus den Archiven und Bibliotheken Liguriens;Deutsch; archiv bibliothek liguriens
2019;Regesten zum Itinerar 1312;Deutsch; itinerar
2020;Regesten aus dem Register und dem Imbreviaturenbuch des Bernardo de Mercato;Deutsch; register imbreviaturenbuch bernardo mercato
2020;Regesten zum Itinerar 1313;Deutsch; itinerar
2021;Regesten aus den Archiven und Bibliotheken Österreichs;Deutsch; archiv bibliothek österreich
2022;Regesten aus dem Ratsprotokollbuch Heinrich des VII;Deutsch; ratsprotokollbuch heinrich
2022;Regesten aus dem Archivio Storico Diocesano in Pisa;Deutsch; archivio storico diocesano pisa
2023;Regesten aus dem Instruktionenbuch Heinrichs VII;Deutsch; instruktionenbuch heinrich
2023;Regesten aus der Historiographie. 1310 Oktober 23-1311 Januar 6;Deutsch; historiographie oktober januar
2024;Regesten aus den Archiven und Bibliotheken Mailands;Deutsch; archiv bibliothek mailand
2024;Regesten ab 1310 Oktober 23/24;Deutsch; ab oktober
1984;La noblesse du duché de Luxemburg au XVe siècle;Französisch;noblesse duché Luxemburg 
1985;Pour un autre moyen âge;Französisch;moyen âge
1986;« ...eynen rechten, festen und steden burchfryden zu halden uff unser burch... ». Quelques aspects de la vie au château seigneurial au XVe siècle;Französisch;eynen rechten festen steden burchfryden halden uff unser burch aspect château seigneurial 
1987;Saint-Michel et le premier siècle de la ville de Luxemburg. Quelques réflexions sur l’apport de l’histoire religieuse à l’étude des origines de la ville de Luxemburg;Französisch;saint michel premier  Luxemburg réflexion apport histoire religieuse étude origine Luxemburg
1987;Colloque scientifique international Hugues Capet (987-1987) : la France de l’an Mil;Französisch;colloque scientifique international hugue capet france
1988;Aspects politiques de la « Réforme » monastique en Lotharingie. Le cas des abbayes de Saint-Maximin de Trèves, de Stavelot-Malmédy et d’Echternach (934-973);Französisch;aspect politique réforme monastique lotharingie cas abbaye saint maximin trève stavelot malmédy echternach
1989;Das Archiv der Herren von Bourscheid im Spiegel der Geschichte Luxemburgs im Mittelalter;Deutsch;archiv herren bourscheid spiegel geschichte luxemburg mittelalter
1989;L’acte « fondateur » de 963: mythe et réalité;Französisch;acte fondateur mythe réalité
1989;La formation d’une principauté territoriale;Französisch;formation principauté territorial
1990;Vom Altmarkt zur Schobermesse. Stadtgeschichtliche Voraussetzungen einer Jahrmarktgründung;Deutsch;altmarkt schobermesse stadtgeschichtlich voraussetzung jahrmarktgründung
1990;« Pour ce que nous desirrons moult le profit... ». Kurze Bemerkungen zum wirtschaftspolitischen Umfeld der Gründung der Schobermess;Deutsch;desirrons moult profit kurze bemerkungen wirtschaftspolitisch umfeld gründung schobermess
1990;Ermesinde;Französisch;ermesinde
1990;Luxemburg vor und nach Worringen. Die Auswirkungen der Schlacht von Worringen auf die Landesorganisation sowie die Territorial- und Reichspolitik der Grafen von Luxemburg;Deutsch;luxemburg worringen auswirkung schlacht worringen landesorganisation territorial reichspolitik graf luxemburg
1991;Aspects du rayonnement intellectuel de Trèves dans la deuxième moitié du Xe siècle;Französisch;aspect rayonnement intellectuel trève deuxième moitié 
1991;Rayonnement urbain et initiative comtale : l’exemple des chefs-lieux du comté de Luxemburg;Französisch;rayonnement urbain initiative comtale exemple chef lieu comté Luxemburg
1993;Adel, Burg und Kloster. Zum Ursprung der Luxemburgischen Burgen am Beispiel der Grundherrschaft Befort;Deutsch;adel burg kloster ursprung luxemburgisch burg beispiel grundherrschaft befort
1993;Zur geistigen Ausstrahlung Triers unter Erzbischof Egbert;Deutsch;geistig ausstrahlung trier erzbischof egbert
1993;Châteaux et peuplement dans le comté de Luxemburg (Xe-XIIIe siècles);Französisch;château peuplement comté Luxemburg 
1993;Kloster, Grafen und Burgherren. Zum Ursprung der luxemburgischen Burgen am Beispiel Zolver;Deutsch;kloster graf burgherr ursprung luxemburgisch burg beispiel zolver
1993;Luxemburg;Deutsch;luxemburg
1993;Luxemburg, Grafen von, Grafschaft, Herzogtum, Luxemburger. I. Entstehung der Grafschaft;Deutsch;luxemburg graf grafschaft herzogtum luxemburger entstehung grafschaft
1993;Politique monastique et pouvoir souverain. Henri V, sire souverain, fondateur de la principauté territoriale Luxemburgeoise ?;Französisch;politique monastique pouvoir souverain henri sire souverain fondateur principauté territorial Luxemburgeoise
1993;Prümer Klosterbesitz und die Grafen von Luxemburg. Bastogne in den Ardennen und Remich an der Mosel;Deutsch;prümer klosterbesitz graf luxemburg bastogne ardennen remich mosel
1993;L’archéologie en milieu urbain au Luxemburg. Bilan critique et directions de recherche;Französisch;archéologie milieu urbain Luxemburg bilan critique direction recherche
1994;Ermesinde. Notice biographique;Französisch;ermesinde notice biographique
1994;„Privilegium libertatis“. Die Freiheitsurkunde der Gräfin Ermesinde für die Stadt Luxemburg. Kommentierte Neuedition;Deutsch;privilegium libertatis freiheitsurkunde gräfin ermesinde stadt luxemburg kommentiert neuedition
1994;Die Siegel der Stadt Luxemburg. Ein Symbol des Verhältnisses zwischen Landesherrn und Stadt;Deutsch;siegel stadt luxemburg symbol verhältnisses landesherrn stadt
1994;« Nostri sigilli auctoritate ». Note sur le sceau de la comtesse Ermesinde;Französisch;nostri sigilli auctoritate note sceau comtesse ermesinde
1994;Ermesinde, comtesse de Luxemburg. Questions nouvelles pour une interprétation de son règne;Französisch;ermesinde comtesse Luxemburg question nouveau interprétation règne
1994;L’archéologie urbaine au Grand-Duché de Luxemburg : des réflexions, un bref bilan;Französisch;archéologie urbaine grand duché Luxemburg réflexion bref bilan
1994;Du château à la ville. Les origines;Französisch;château origine
1994;Aux origines de l’État Luxemburgeois. Le gouvernement de la Comtesse Ermesinde;Französisch;origine état Luxemburgeois gouvernement comtesse ermesinde
1994;Pouvoir princier et peuplement. Aux origines de la ville de Luxemburg;Französisch;pouvoir princier peuplement origine Luxemburg
1994;Sigefroid;Französisch;sigefroid
1995;Ermesinde Gräfin von Luxemburg (1186-1247);Deutsch;ermesinde gräfin luxemburg
1995;Das erste Spital in Luxemburg. Eine unerforschte Quelle zum Wirken Walrams von Monschau-Limburg und zur Geschichte der Stadt Luxemburg;Deutsch;erste spital luxemburg unerforschte wirken walrams monschau limburg geschichte stadt luxemburg
1996;Les racines;Französisch;racine
1996;Jean de Luxemburg et les rois de France;Französisch;jean Luxemburg roi france
1996;La conquête de l’Italie du Nord;Französisch;conquête italie nord
1996;Images d’un prince idéal;Französisch;image prince idéal
1996;Jean l’Aveugle, chevalier parfait et prince idéal. Image et réalité;Französisch;jean aveugle chevalier parfait prince idéal image réalité
1997;Fecit Carolus ducere patrem suum in patriam suam. Bemerkungen zum Grab Johanns des Blinden;Deutsch;fecit carolus ducere patrem suum patriam suam bemerkungen grab johann blinden
1997;De la fondation privilégiée à la nécropole familiale. L’abbaye de Clairefontaine;Französisch;fondation privilégié nécropole familial abbaye clairefontaine
1997;Jean de Luxemburg, prince « européen »;Französisch;jean Luxemburg prince européen
1997;Memoria et fundatio. Religiöse Aspekte des Herrschaftsverständnisses eines Landesherrn in der ersten Hälfte des 14. Jahrhunderts;Deutsch;memoria fundatio religiös aspekt herrschaftsverständnisses landesherrn ersten hälfte 
1998;Jean de Luxemburg, prince idéal et chevalier parfait. Aux origines d’un mythe;Französisch;jean Luxemburg prince idéal chevalier parfait origine mythe
1998;« Regum de stirpe ». Le prince et son image. Donations, fondations et sépultures des Luxemburg dans leurs terres d’origine (première moitié du XIVe siècle);Französisch;regum stirpe prince image donation fondation sépulture Luxemburg terre origine premier moitié 
1999;Libertas ecclesiae. Das Kloster im Spannungsfeld zwischen Adelsherrschaft und Reichsfreiheit aus der Sicht der Echternacher Quellen (8.-12. Jahrhundert);Deutsch;libertas ecclesiae kloster spannungsfeld adelsherrschaft reichsfreiheit sicht echternacher 
1999;Une principauté en Empire. Le Luxemburg au Moyen Âge;Französisch;principauté empire Luxemburg moyen âge
1999;Les tombeaux des comtes de Luxemburg à Clairefontaine. Naissance et affirmation d’un lignage princier;Französisch;tombeau comte Luxemburg clairefontaine naissance affirmation lignage princier
2000;Entstehung und Entwicklung der brabantischen Städte und die Straße Flandern-Köln (11.-13. Jhdt.);Deutsch;entstehung entwicklung brabantisch stadt straße flandern köln jhdt
2000;Kloster, Graf und Bauern. Zur Frühgeschichte der Dörfer des mittleren Syrtals;Deutsch;kloster graf bauern frühgeschichte dörfer mittleren syrtals
2000;Bricht also das Ende herein? Die Lande zwischen Maas und Mosel um das Jahr tausend;Deutsch;bricht also ende herein land maas mosel jahr tausend
2000;« Dieu le veut! » ? Les croisades, voie de salut ou désastre religieux ?;Französisch;dieu veut croisade voie salut désastre religieux
2001;„Wy ritterlîche sy dâ streit!“. Kloster und Burg. Der historische Raum zur und in der Yolanda-Dichtung;Deutsch;wy ritterlîche sy dâ streit kloster burg historisch raum yolanda dichtung
2001;Débats de mémoire, devoir d’histoire. Pour une histoire critique de la mémoire;Französisch;débat mémoire devoir histoire histoire critique mémoire
2002;Du comté à l’Empire. Origines et épanouissement du Luxemburg;Französisch;comté empire origine épanouissement Luxemburg
2003;A. Dynastien : Luxemburg;Deutsch;dynastie luxemburg
2003;B.7. Weltliche Reichsfürsten(tümer) : Luxemburg;Deutsch;b weltlich reichsfürsten tümer luxemburg
2003;C.7. Luxemburg;Deutsch;luxemburg
2003;De l’entourage comtal à l’entourage royal. Le cas des Luxemburg (XIIe-première moitié du XIVe siècles);Französisch;entourage comtal entourage royal cas Luxemburg premier moitié 
2003;Images de Henri VII en Italie. Les chroniques de Baudouin de Trèves et les « Vœux de l’épervier » (première moitié du XIVe siècle);Französisch;image henri italie chronique baudouin trève vœu épervier premier moitié 
2003;Der Kaiser und sein Bischof. Kaiser Heinrich VII. und seine besten Ritter im Epos der Voeux de l’épervier (kurz nach 1313);Deutsch;kaiser bischof kaiser heinrich besten ritter epos voeux épervier kurz
2003;Luxemburg und Avesnes. Territorialpolitik und Ritterideal (1250-1350);Deutsch;luxemburg avesnes territorialpolitik ritterideal
2004;Memoria ou damnatio memoriae ? L’image de Gislebert, duc de Lotharingie († 939);Französisch;memoria damnatio memoriae image gislebert duc lotharingie
2005;Libertas ecclesiae. Réformes monastiques et relecture de l’histoire dans l’espace lotharingie (Xe-XIIe siècles). Le cas de l’abbaye d’Echternach;Französisch;liberta ecclesiae réforme monastique relecture histoire espace lotharingie  cas abbaye echternach
2006;Avant-propos;Französisch;propo
2006;Mort et pouvoir. Le choix du lieu de sépulture (espace Meuse-Mosel, XIe-XIIe siècles);Französisch;mort pouvoir choix lieu sépulture espace meuse Mosel 
2006;La fée Mélusine. Le mythe fondateur de la Maison de Luxemburg;Französisch;fée mélusine mythe fondateur maison Luxemburg
2006;Le lion seigneur et le seigneur lion. Le lion dans la symbolique Luxemburgeoise;Französisch;lion seigneur seigneur lion lion symbolique Luxemburgeoise
2006;Les vœux sur les oiseaux. Rite chevaleresque et culture courtoise;Französisch;vœu oiseaux rite chevaleresque culture courtois
2006;L’instrumentalisation de l’histoire prise en flagrant délit. Les discours sur l’héritage européen;Französisch;instrumentalisation histoire prise flagrant délit discour héritage européen
2006;Sur l’historiographie Luxemburgeoise : quelques réflexions en introduction du colloque;Französisch;historiographie Luxemburgeoise réflexion introduction colloque
2006;De la Lotharingie à la Lorraine. Les pouvoirs en Lorraine dans la deuxième moitié du XIe siècle;Französisch;lotharingie lorraine pouvoir lorraine deuxième moitié 
2007;Les « lieux de mémoire » ou donner un sens à l’histoire;Französisch;lieu mémoire donner sens histoire
2007;Dominations étrangères;Französisch;domination étranger
2007;De Roude Léiw. Le lion rouge;Luxemburgisch/Französisch;roude léiw lion rouge
2007;Histoire et représentation. Le présent détermine l’unité du passé;Französisch;histoire représentation présent détermine unité passé
2007;Nationale Identitätskonstruktionen durch die fiktive Kontinuität. Einige Bemerkungen zum “nationalen” Vergangenheitsbild;Deutsch;national identitätskonstruktionen fiktiv kontinuität einig bemerkungen national vergangenheitsbild
2008;Préface. Le champ historiographique Luxemburgeois;Französisch;préface champ historiographique Luxemburgeois
2009;Der Bischof und sein Kaiser. Zum Verhältnis von Erzbischof Balduin und Kaiser Heinrich in der Romfahrt;Deutsch;bischof kaiser verhältnis erzbischof balduin kaiser heinrich romfahrt
2009;Der Kaiser und der Königsmacher. Trierer Bausteine einer Luxemburger memoria;Deutsch;kaiser königsmacher trierer bausteine luxemburger memoria
2009;Krieg und höfische Welt in Balduins Bilderchronik;Deutsch;krieg höfisch welt balduin bilderchronik
2009;„...eynen rechten, festen und steden burchfryden zu halden uff unser burch“. Burgfrieden als Quellen für das Zusammenleben auf der mittelalterlichen Burg;Deutsch;eynen rechten festen steden burchfryden halden uff unser burch burgfrieden zusammenleben mittelalterlich burg
2009;Ein Fest am Hof. Das Ritual der “Vogelgelübde” als politisches Medium;Deutsch;fest hof ritual vogelgelübde politisch medium
2009;Lieux de mémoire au Luxemburg, lieux de mémoire en Europe;Französisch;lieu mémoire Luxemburg lieu mémoire europe
2009;Luxemburg, Metz und das Reich. Die Reichsstadt Metz im Gesichtsfeld Karls IV;Deutsch;luxemburg metz reich reichsstadt metz gesichtsfeld karls
2009;Vianden 1308. Der Viandener “Freiheitsbrief” in seinem historischen Kontext;Deutsch;vianden viandener freiheitsbrief seinem historisch kontext
2010;Actes princiers et naissance des principautés territoriales. Chartes et pouvoir laïques dans les espaces mosan et mosellan (fin Xe-début XIIe siècle);Französisch;acte princier naissance principauté territorial charte pouvoir laïque espace mosan mosellan fin début 
2010;Der Codex Mariendalensis. Vom mittelalterlichen Manuskript zum Erinnerungsort;Deutsch;codex mariendalensis mittelalterlich manuskript erinnerungsort
2010;„Hanrey de Lucembour emperour plus eureus que August et meilleur que Trayan“. Konstruktion und Rezeption des Kaiserbildes Heinrichs VII. in der maas-Moselen Literatur zum Italienzug;Deutsch;hanrey lucembour emperour eureus august meilleur trayan konstruktion rezeption kaiserbildes heinrich maas Mosel literatur italienzug
2010;Les « vœux sur les oiseaux ». Mutations d’un rite d’intégration entre mémoire chevaleresque et actualité politique;Französisch;vœu oiseaux mutation rite intégration mémoire chevaleresque actualité politique
2010;Siegfried I. (Sicco, Sigefridus Kunuz), Graf von Luxemburg * um 919, † 28. 10. vermutlich 998, begr. Trier, Sankt Maximin;Deutsch;siegfried sicco sigefridus kunuz graf luxemburg vermutlich begr trier sankt maximin
2010;Umdeutung der Geschichte. Erzbischof Balduin, Kaiser Heinrich VII. und der Italienzug in der Trierer Bilderchronik und den Gesta Baldewini;Deutsch;umdeutung geschichte erzbischof balduin kaiser heinrich italienzug trierer bilderchronik gesta baldewini
2011;Regum de stirpe. Some aspects of the Monastic Policy of John of Luxemburg, King of Bohemia and Count of Luxemburg;Englisch;regum stirpe aspect monastic policy john Luxemburg king bohemia count Luxemburg
2011;The Campaign of Henry VII (1310-1313) to Italy as the origin of the grandeur of the House of Luxemburg;Englisch;campaign henry italy origin grandeur house Luxemburg
2011;Pouvoirs et espaces comtaux. Le cas des comtés ardennais (Xe-XIIIe siècle);Französisch;pouvoir espace comtal cas comté ardennais 
2011;Les vœux sur les oiseaux. Fortune littéraire d’un rite de cour. Usages politiques d’un motif littéraire;Französisch;vœu oiseaux fortune littéraire rite cour usage politique motif littéraire
2011;« Nous ne sommes ni l’une, ni l’autre, mais les deux à la fois ». Entre France et Germanie, les identités lotharingienes en question (fin IXe-milieu XIe siècles);Französisch;somme ni ni deux fois france germanie identité lotharingie question fin milieu 
2011;L’histoire impériale au service de la bourgeoisie. Les Chroniques de Jacques d’Esch et la maison impériale de Luxemburg;Französisch;histoire impérial service bourgeoisie chronique jacque esch maison impérial Luxemburg
2011;Die lotharingieen Teilnehmer an den Kreuzzügen ins Heilige Land. Aspekte des Kulturtransfers vom 11. zum 13. Jahrhundert;Deutsch;lotharingie teilnehmer kreuzzug heilig land aspekt kulturtransfers 
2011;Medieval Myths and the Building of National Identity. The Example of the Grand Duchy of Luxemburg;Englisch;medieval myth building national identity example grand duchy Luxemburg
2011;Peter “von Aspelt”, Erzbischof von Mainz (†1320), in Geschichte und Rezeption. Von der schwierigen Zuordnung der Biographie;Deutsch;peter aspelt erzbischof mainz geschichte rezeption schwierig zuordnung biographie
2011;Die Rezeption des Krak des Chevaliers in Historiographie, Burgenforschung und Geschichtsunterricht;Deutsch;rezeption krak chevalier historiographie burgenforschung geschichtsunterricht
2012;L’épouse au pouvoir. Le pouvoir de l’héritière entre « pays », dynasties et politique impériale à l’exemple de la maison de Luxemburg (XIIIe-XIVe s.);Französisch;épouse pouvoir pouvoir héritière pays dynasty politique impérial exemple maison Luxemburg
2012;Introduction. Mythes et mémoires au Bas Moyen Âge;Französisch;introduction mythe mémoire bas moyen âge
2012;Vianden;Deutsch;vianden
2012;Vœux du paon et Vœux de l’épervier. L’empereur et ses « meilleurs chevaliers » dans la culture courtoise entre Metz, Bar et Luxemburg (début XIVe siècle);Französisch;vœu paon vœu épervier empereur meilleur chevalier culture courtois metz bar Luxemburg début 
2013;L’acte d’échange entre pratiques de l’écrit et enjeux politiques. L’acte d’échange de 963/987 entre l’abbaye Saint-Maximin de Trèves et le comte Sigefroid;Französisch;acte échange pratique écrit enjeu politique acte échange abbaye saint maximin trève comte sigefroid
2013;Die Erbtochter, der fremde Fürst und die Stände. “Internationale” Heiraten als Mittel der Machtpolitik im Spannungsfeld zwischen Hausmacht und Land;Deutsch;erbtochter fremde fürst stände international heiraten mittel machtpolitik spannungsfeld hausmacht land
2013;Face à l’évêque, le comte. Politique ottonienne et pouvoir comtal en Lotharingie à l’époque de Notger;Französisch;évêque comte politique ottonienne pouvoir comtal lotharingie époque notger
2013;Mediävistik in Luxemburg;Deutsch;mediävistik luxemburg
2013;Une faculté internationale, interdisciplinaire et connectée à la societé;Französisch;faculté international interdisciplinaire connectée societé
2014;Avouerie et châteaux dans le discours monastique. Quelques réflexions d’ordre historiographique à partir du cas du comté de Luxemburg (Xe-début XIIe siècles);Französisch;avouerie château discour monastique réflexion ordre historiographique partir cas comté Luxemburg début 
2014;« Et viriliter se defendebat ». Images masculines de la femme guerrière aux derniers siècles du Moyen Âge;Französisch;viriliter defendebat image masculin femme guerrière dernier  moyen âge
2014;Stavelot et Luxemburg. Quelques réflexions sur la formation territoriale d’un comté en « pays bénédictin »;Französisch;stavelot Luxemburg réflexion formation territorial comté pays bénédictin
2015;Le duché de Lorraine sous Ferry III. Nouvelles questions de recherche;Französisch;duché lorraine ferry nouveau question recherche
2015;Écrire et s’engager. Jean-Paul Lehners en cinq images;Französisch;écrire engager jean paul lehner cinq image
2015;Structures de parenté et processus d’identification dans la Lotharingie des Xe et XIe siècles. Le cas du groupement familial dit « d’Ardenne »;Französisch;structure parenté processus identification lotharingie  cas groupement familial dit ardenne
2016;Aachen – Mailand – Rom – Jerusalem. Die Luxemburger als Kaiserdynastie. Die Kaiserkrönung Heinrichs VII. in den maas-Moselen Quellen;Deutsch;aachen mailand rom jerusal luxemburger kaiserdynastie kaiserkrönung heinrich maas Mosel
2017;Identités monastiques dans un monde bouleversé. Représentations identitaires dans la Chronique de Saint-Hubert dite Cantatorium (diocèse de Liège, début XIIe s.);Französisch;identité monastique monde bouleversé représentation identitaire chronique saint hubert dite cantatorium diocèse liège début
2017;lotharingie als Reformraum (10. bis Anfang des 12. Jahrhunderts). Einige einleitende Bemerkungen zum Gebrauch räumlicher und religiöser Kategorien;Deutsch;lotharingie reformraum anfang  einig einleitend bemerkungen gebrauch räumlich religiös kategorien
2017;Pour une redéfinition dynamique des relations entre comtes et abbayes (fin IXe-fin XIe siècle). Conclusions;Französisch;redéfinition dynamique relation comte abbaye fin fin  conclusion
2017;The territorial principalities in lotharingie;Englisch;territorial principality lotharingie
2018;Préface;Französisch;préface
2018;Zwentibold, roi (895-900) et Gislebert, duc (928-939) du royaume de Lothaire. Pouvoir et légitimation, histoire et mémoire;Französisch;zwentibold roi gislebert duc royaume lothaire pouvoir légitimation histoire mémoire
2018;Châteaux et prieurés vers 1100 en Lotharingie centrale. De la dynamique de la fondation aux rapports ambivalents. Useldange et les autres;Französisch;château prieuré lotharingie centrale dynamique fondation rapport ambivalent useldange
2018;Au nom du comte. Quelques réflexions sur les modes d’inscription du pouvoir comtal dans l’espace lotharingie (Xe-XIIe siècle);Französisch;nom comte réflexion mode inscription pouvoir comtal espace lotharingie 
2018;Quelle est la “valeur” du premier État Luxemburgeois ? L’origine des opérations comptables dans le comté de Luxemburg (1306-1322);Französisch;est valeur premier état Luxemburgeois origine opération comptable comté Luxemburg
2018;Du nouveau de la recherche. L’Europe de la dynastie des Luxemburg (III). En route vers l’Empire. Pour une relecture des débuts de l’entreprise italienne d’Henri VII de Luxemburg (1309-1311);Französisch;nouveau recherche europe dynastie Luxemburg route empire relecture début entreprise italienne henri Luxemburg
2019;Les Adalbéron – un lignage « épiscopal » ? Fonction épiscopale et structuration parentale en Lotharingie (Xe-XIe siècle);Französisch;adalbéron lignage épiscopal fonction épiscopale structuration parentale lotharingie 
2019;Wem gehört Johann, Graf von Luxemburg und König von Böhmen ? Grabstätte und Erinnerungspolitik in wandelnden Zeiten des Nation-Building;Deutsch;wem gehört johann graf luxemburg könig böhmen grabstätte erinnerungspolitik wandelnden zeiten nation building
2019;Klostervogtei zwischen monastischem Diskurs und bilateraler Aushandlung am Beispiel des zentralen lotharingieen Raums (10. bis Anfang 12. Jahrhundert);Deutsch;klostervogtei monastisch diskurs bilateral aushandlung beispiel zentral lotharingie raums anfang 
2019;Verschriftlichung und Institutionalisierung der Herrschaftspraxis. Zwei Seiten einer Medaille ? Zur Entwicklung fürstlicher Herrschaft am Beispiel der Grafen von Luxemburg (Ende des 12. bis Anfang des 14. Jahrhunderts);Deutsch;verschriftlichung institutionalisierung herrschaftspraxis zwei seiten medaille entwicklung fürstlich herrschaft beispiel graf luxemburg ende anfang 
2019;La voix du peuple ? Vote et élection avant la démocratie à travers le cas du Luxemburg au Moyen Âge et dans la première modernité;Französisch;voix peuple vote élection démocratie traver cas Luxemburg moyen âge premier modernité
2020;L’avouerie en Lotharingie. Le « moment comtal » (deuxième moitié du XIe-début du XIIe s.);Französisch;avouerie lotharingie moment comtal deuxième moitié début
2020;La grande expédition. Il y a 750 ans. Henri V, comte de Luxemburg, la croisade de Louis IX et le tournant français de la politique des Luxemburg;Französisch;grande expédition ans henri comte Luxemburg croisade louis tournant français politique Luxemburg
2020;„In ditione et mundiburdio imperii“. Herrscherurkunden für das Kloster Echternach zwischen Tradition und Reform;Deutsch;ditione mundiburdio imperii herrscherurkunde kloster echternach tradition reform
2020;Das “Kreuzzugstestament” Graf Heinrichs V. von Luxemburg (1270). Dynastische Konsolidierung und erste französische Ausrichtung der Politik der Luxemburger im 13. Jahrhundert;Deutsch;kreuzzugstestament graf heinrich luxemburg dynastisch konsolidierung erste französisch ausrichtung politik luxemburger 
2020;Michel Parisse et le Luxemburg : un des plus grands médiévistes français nous a quittés;Französisch;michel parisse Luxemburg grand médiéviste français quitté
2020;La grande expédition. Il y a 750 ans : Henri V, comte de Luxemburg, la croisade de Louis IX et le tournant français de la politique des Luxemburg in : Luxemburger Wort. Die Warte 56/2656 (2.7.2020);Französisch;grande expédition ans henri comte Luxemburg croisade louis tournant français politique Luxemburg luxemburger wort warte
2021;Prolog;Deutsch;prolog
2021;Auf der Suche nach dem “Hof”. Der reisende “Hof” Heinrichs VII. in Norditalien und sein Bild in der zeitgenössischen Chronistik;Deutsch;suche hof reisend hof heinrich norditalien bild zeitgenössisch chronistik
2021;Vorstellung des Forschungsprojekts “INTERLOR - lotharingie und das Papsttum. Interaktions-, Integrations- und Transformationsprozesse im Spannungsfeld zwischen zentraler Steuerung und regionaler Eigendynamik (11.-Anfang 13. Jahrhundert)”;Deutsch;vorstellung forschungsprojekts interlor lotharingie papsttum interaktions integrations transformationsprozesse spannungsfeld zentral steuerung regional eigendynamik anfang 
2022;Vianden (Veianen);Deutsch;vianden veianen
2022;Les cours dans la « monarchie composite » des Luxemburg, 1308-1355 (Henri VII, Jean et Charles IV);Französisch;cour monarchie composite Luxemburg henri jean charle
2023;L’empire à la fin du Moyen Âge. Idées pour une déconstruction;Französisch;empire fin moyen âge idée déconstruction
2023;La formation de l’image de l’évêque indigne entre dominations locale et globale. Renaud de Bar, évêque de Metz (1302-1316), Clément V, Henri VII, Metz et les comtes de Bar;Französisch;formation image évêque indigne domination local global renaud bar évêque metz clément henri metz comte bar
2023;Luxemburg et Metz. De la construction conjointe des pouvoirs princier et urbain ?;Französisch;Luxemburg metz construction conjoint pouvoir princier urbain
2024;Papstkontakte in lotharingie. Rahmenbedingungen und Herausforderungen für eine künftige lotharingie Pontificia;Deutsch;papstkontakte lotharingie rahmenbedingung herausforderung künftig lotharingie pontificia
2025;1312. Jacques de Longuyon et les Vœux du paon, un best-seller et sa portée politique;Französisch;jacque longuyon vœu paon best seller portée politique
2025;1354. L’empereur Charles IV choisit Metz pour s’imposer en Lorraine;Französisch;empereur charle choisit metz imposer lorraine
2025;“Offene” Erbfälle als Herausforderung und Prozess. Fürstliche Herrschaftsnachfolge und politische Neuordnung im Westen des Reiches;Deutsch;offene erbfall herausforderung prozess fürstlich herrschaftsnachfolge politisch neuordnung westen reich
2025;L’Italia dei primi sovrani lussemburghesi. Riflessioni conclusive dalla prospettiva del progetto LUXDYNAST;Italienisch;italia primo sovrano lussemburghese riflessione conclusivo prospettiva progetto luxdynast
2025;Transferts de pratiques de l’écrit. Quelques jalons autour des pratiques documentaires d’Henri VII, comte de Luxemburg, roi des Romains et empereur (1288/ 1308/ 1312-1313);Französisch;transfert pratique écrit jalon pratique documentaire henri comte Luxemburg roi romain empereur
